Numero Pedido;Data Agendamento;Cliente
1054331;28/09/2026;ASSAI - 48
1054349;30/09/2026;ASSAI - 64
1054365;24/09/2026;ASSAI - 144
1054391;30/09/2026;ASSAI - 93
1054488;21/08/2026;ASSAI - 08
1055473;30/09/2026;VILA NOVA CAMPINAS
1055475;28/09/2026;VILA NOVA OSASCO
1055603;29/09/2026;VILA NOVA OSASCO
1055604;28/09/2026;VILA NOVA CAMPINAS
1056177;24/09/2026;ASSAI - 312
1056178;21/08/2026;ASSAI - 121
1056180;07/10/2026;ASSAI - 168
1056186;29/10/2026;ASSAI - 130
1056190;29/09/2026;ASSAI - 237
1056193;25/09/2026;ASSAI - 24
1056198;07/10/2026;ASSAI - 173
1056199;30/09/2026;ASSAI - 263
1056205;29/09/2026;ASSAI - 200
1056206;30/09/2026;ASSAI - 39
1056449;29/09/2026;ASSAI - 48
1057157;28/09/2026;ASSAI 161 - JARDIM ROSINA
1057163;28/09/2026;ASSAI - 39
1057166;07/10/2026;ASSAI - 121
1057167;30/09/2026;ASSAI - 93
1057168;28/09/2026;ASSAI - 126
1057173;29/10/2026;ASSAI - 130
1057174;25/09/2026;ASSAI - 08
1057185;29/09/2026;ASSAI - 237
1057187;30/09/2026;ASSAI - 31
1057200;07/10/2026;ASSAI - 144
1057207;30/09/2026;ASSAI - 64
1057210;25/09/2026;ASSAI - 24
1057213;30/09/2026;ASSAI - 03
1057217;30/09/2026;ASSAI - 96
1057235;30/09/2026;ASSAI - 02
1057237;24/09/2026;ASSAI - 22
1057242;01/10/2026;ASSAI - 17
1057246;29/09/2026;ASSAI - 200
1057251;07/10/2026;ASSAI - 165
1057257;29/09/2026;ASSAI - 48
1057586;24/09/2026;ASSAI - 93
1057592;01/10/2026;ASSAI - 165
1057602;28/09/2026;ASSAI - 96
1057604;30/09/2026;ASSAI - 144
1057609;23/09/2026;ASSAI - 64
1057619;30/09/2026;ASSAI - 48
1057626;24/09/2026;ASSAI - 126
1057658;01/10/2026;ASSAI - 165
1057671;24/09/2026;ASSAI - 93
1057685;30/09/2026;ASSAI - 48
1057691;30/09/2026;ASSAI - 144
1057696;24/09/2026;ASSAI - 126
1057697;28/09/2026;ASSAI - 96
1057699;28/09/2026;ASSAI 161 - JARDIM ROSINA
1057706;23/09/2026;ASSAI - 64
1057983;28/09/2026;ASSAI - 270
1058283;24/09/2026;COMFRIO NOVO CD MANIA DE CHURRASCO
1058287;24/09/2026;GRUPO CHAMA - CD
1058377;06/10/2026;GRUPO CHAMA - CD
1058378;24/09/2026;GRUPO CHAMA - CD
1058752;24/09/2026;GRUPO CHAMA - CD
1058821;06/10/2026;CD BOA NOVO
1058822;25/09/2026;CD BOA NOVO
1059379;06/10/2026;ATACADAO BARUERI - LJ 655
1059389;06/10/2026;CD JACAREI - LJ 183
1059390;09/10/2026;ATACADAO SAO J RIO PRETO AMERICA - LJ 949
1059684;05/10/2026;ATACADAO SANTO ANDRE CENTRO - LJ 615
1059696;01/10/2026;ATACADAO SAO J RIO PRETO FALAVINA - LJ 944
1059726;01/10/2026;ATACADAO RIBEIRAO PIRES - LJ 678
1059727;05/10/2026;ATACADAO MAUA JOAO RAMALHO - LJ 676
1059747;09/10/2026;ATACADAO GUARULHOS AEROPORTO - LJ 617
1061579;30/09/2026;ROSSI - VILA CISPER
1061604;30/09/2026;ROSSI - OSASCO
1061618;25/09/2026;ROSSI - GUAIANAZES II
1061656;02/10/2026;OXXO - CAJAMAR
1061660;07/10/2026;CD JACAREI - LJ 183
1061661;07/10/2026;CD JACAREI - LJ 183
1061663;01/10/2026;CD JACAREI - LJ 183
1061664;01/10/2026;CD JACAREI - LJ 183
1061668;07/10/2026;CD JACAREI - LJ 183
1061669;02/10/2026;CD JACAREI - LJ 183
1061676;02/10/2026;CD JACAREI - LJ 183
1061677;02/10/2026;CD JACAREI - LJ 183
1061720;02/10/2026;CD JACAREI - LJ 183
1061750;02/10/2026;CD BOA NOVO
1061751;25/09/2026;CD BOA NOVO
1061847;28/09/2026;ROSSI - VILA CISPER
1061852;30/09/2026;ROSSI - OSASCO
1061855;30/09/2026;ROSSI - GUAIANAZES II
1062211;28/09/2026;CD JACAREI - LJ 183
1062219;03/10/2026;CD JACAREI - LJ 183
1062239;03/10/2026;CARREFOUR MERCEARIA DF
1062310;25/09/2026;IRMAOS MUFFATO - MAX LAPA
1062345;29/09/2026;IRMAOS MUFFATO - MAX MOGI
1062356;25/09/2026;IRMAOS MUFFATO - MAX SAO BERNARDO
1062495;03/10/2026;CD BOA NOVO
1062997;01/10/2026;HIROTA EXPRESS - CD CEAGESP
1062999;02/10/2026;HIROTA EXPRESS - CD 98
1063000;29/09/2026;CARREFOUR MERCEARIA
1063129;01/10/2026;OXXO - CAJAMAR
1063437;20/10/2026;ALIANZA COMERCIO
1063617;24/09/2026;ROLDAO - TIRADENTES
1064396;07/10/2026;CARREFOUR MERCEARIA
1064440;20/10/2026;AACD
1064525;24/09/2026;OGGI SORVETES
1064578;24/09/2026;HIROKI ALIMENTOS
1064773;24/09/2026;SUPERMERCADO MELISSA
1064774;23/09/2026;SUPERMERCADO MELISSA
1064882;23/09/2026;XIANGXIANG
1064893;23/09/2026;XIANGXIANG
1064979;24/09/2026;ROLDAO - TIRADENTES
1065005;23/09/2026;BARBOSA - 43
1065058;23/09/2026;ROLDAO - TIRADENTES
1065228;23/09/2026;NOVAA COMERCIO DE ALIMENTOS
1065282;24/09/2026;MEGA G ALIMENTOS
1065298;23/09/2026;JOANIN  - MATRIZ
1065304;24/09/2026;AYUMI - 01
1065314;23/09/2026;JOANIN  - MATRIZ
1065319;23/09/2026;AYUMI - 01
1065323;28/09/2026;MERCADO ALIANCA - 01
1065350;23/09/2026;AYUMI - 01
1065364;28/09/2026;SUPERMERCADOS MUNDIAL - CD
1065438;23/09/2026;REDE X - 04
1065443;24/09/2026;REDE X - 03
1065446;23/09/2026;REDE X - 08
1065451;23/09/2026;REDE X - 08
1065456;24/09/2026;REDE X - 15
1065458;23/09/2026;REDE X - 03
1065468;23/09/2026;REDE X - 08
1065470;23/09/2026;REDE X - 04
1065471;24/09/2026;REDE X - 22
1065486;23/09/2026;REDE X - 08
1065488;23/09/2026;REDE X - 04
1065489;23/09/2026;REDE X - 03
1065923;25/09/2026;CARREFOUR - SP CD
1065924;01/10/2026;CARREFOUR - SP CD
1065952;25/09/2026;MERCADO NOVA GERACAO - JARDIM SAO PAULO
1065975;23/09/2026;NAGUMO - AGUA CHATA CD
1065987;23/09/2026;JOANIN  - MATRIZ
1066005;23/09/2026;FONTE NOVA - 13
1066009;23/09/2026;DISTRIBUIDORA BICA DE PEDRA
1066052;23/09/2026;MAMA - MERCADO ARRUEIRAS
1066057;23/09/2026;MAMA - MERCADO ARRUEIRAS
1066072;01/10/2026;MAIS DISTRIBUIDORA
1066077;24/09/2026;CARINHOSO SUPERMERCADO
1066084;23/09/2026;MERCADO RAINHA
1066090;25/09/2026;MAIS DISTRIBUIDORA
1066091;23/09/2026;JOANIN  - MATRIZ
1066108;23/09/2026;MERCADINHO KI PRECO  - LJ 2
1066113;23/09/2026;AKKI - 04
1066116;23/09/2026;AKKI - 08
1066170;23/09/2026;DISCAMP - CAMPINAS 02
1066172;23/09/2026;ANDORINHA
1066177;23/09/2026;DISCAMP - CAMPINAS 01
1066412;23/09/2026;DANTAS
1066417;23/09/2026;DANTAS
1066420;23/09/2026;DANTAS
1066499;23/09/2026;DISCAMP - CAMPINAS 02
1066501;25/09/2026;DISCAMP - CAMPINAS 01
1066512;23/09/2026;WOR GENEROS ALIMENTICIOS
1066513;23/09/2026;WOR GENEROS ALIMENTICIOS
1066531;23/09/2026;AKKI - 04
1066532;23/09/2026;HM HM SUPERMERCADOS - EMPORIUM SP AFONSO BRAZ
1066596;23/09/2026;SUPERMERCADOS PRECO IDEAL - 01
1066629;25/09/2026;COMERCIAL ALERE
1066632;25/09/2026;COMERCIO DE OVOS
1066635;25/09/2026;DISTRIBUIDORA BICA DE PEDRA
1066641;24/09/2026;MINIMERCADO BAMBU
1066650;25/09/2026;ALCANCE PLUS COMERCIO VAREJISTA
1066657;25/09/2026;NAGUMO - AGUA CHATA CD
1066658;28/09/2026;NAGUMO - AGUA CHATA CD
1066693;29/09/2026;PANIFICADORA E CONFEITARIA PANETELLI
1066725;23/09/2026;BOLOGNANI E MARTINS - JOBEL
1066729;23/09/2026;BARBOSA - 42
1066741;23/09/2026;BARBOSA - 41
1066745;24/09/2026;BARBOSA - 18
1066748;24/09/2026;BARBOSA - 26
1066752;23/09/2026;BARBOSA - 02
1066753;24/09/2026;BARBOSA - 24
1066754;23/09/2026;BARBOSA - 29
1066756;24/09/2026;BARBOSA - 09
1066757;25/09/2026;BARBOSA - 04
1066765;23/09/2026;BOLOGNANI E MARTINS - JOBEL
1066766;24/09/2026;MASTER ATS SUPERMERCADOS - OSASCO
1066791;25/09/2026;MASTER ATS SUPERMERCADOS - CD
1066794;24/09/2026;MASTER ATS SUPERMERCADOS - CD
1066795;23/09/2026;DISTAQ DISTRIBUIDORA
1066798;23/09/2026;DISTRIBUIDORA CONTINENTAL
1066800;23/09/2026;DISTRIBUIDORA CONTINENTAL
1066828;23/09/2026;DENIS E ROGE
1066829;24/09/2026;DENIS E ROGE
1066830;24/09/2026;TODO DIA
1066831;24/09/2026;NOVA ERA MERCADO
1066857;24/09/2026;SAMS CLUB - CD CAJAMAR
1066957;24/09/2026;MARQUESA ATACAREJO
1066959;24/09/2026;MARQUESA ATACAREJO
1067022;24/09/2026;SANTA MARIA VARIEDADES
1067023;23/09/2026;SUPERMERCADO EXAMINE - LOJA 1
1067055;24/09/2026;SUPERMERCADO EXAMINE - LOJA 5
1067056;24/09/2026;SUPERMERCADO EXAMINE - LOJA 5
1067057;24/09/2026;SUPERMERCADO EXAMINE - LOJA 4
1067058;24/09/2026;SUPERMERCADO EXAMINE - LOJA 3
1067059;24/09/2026;SUPERMERCADO EXAMINE - LOJA 2
1067062;24/09/2026;SUPERMERCADO EXAMINE - LOJA 7
1067064;24/09/2026;SUPERMERCADO EXAMINE - LOJA 7
1067065;24/09/2026;SUPERMERCADO EXAMINE - LOJA 6
1067066;24/09/2026;SUPERMERCADO EXAMINE - LOJA 6
1067090;22/09/2026;INES MARTIN
1067091;24/09/2026;SUPER MERCADO SAO ROQUE CD
1067092;23/09/2026;SUP MAXIMO - DA VILA
1067093;23/09/2026;SUP MAXIMO - URBANOVA
1067094;23/09/2026;SUP MAXIMO - BOSQUE
1067125;23/09/2026;HOUSE OF MAYA ALIMENTOS
1067133;23/09/2026;DAVO SUPERMERCADOS - LOJA 03
1067136;23/09/2026;DAVO SUPERMERCADOS - LOJA 07
1067140;24/09/2026;DAVO SUPERMERCADOS - LOJA 12
1067142;25/09/2026;DAVO SUPERMERCADOS - LOJA 13
1067146;23/09/2026;DAVO SUPERMERCADOS - LOJA 34
1067156;23/09/2026;SUP MAXIMO - URBANOVA
1067157;23/09/2026;SUP MAXIMO - BOSQUE
1067158;25/09/2026;ACHEI
1067159;23/09/2026;ACHEI
1067162;24/09/2026;MERCADO BEIRA RIO
1067166;23/09/2026;SUP MAXIMO - URBANOVA
1067167;23/09/2026;SUP MAXIMO - BOSQUE
1067168;23/09/2026;SUP MAXIMO - DA VILA
1067169;23/09/2026;SUP MAXIMO - DA VILA
1067180;23/09/2026;A5 ALIMENTOS
1067185;28/09/2026;TIO BEBA - MIRACATU
1067226;23/09/2026;SUPER MIX BRANDINA
1067231;23/09/2026;IMPORIUM POCAZIDEIA
1067232;24/09/2026;SABORES DA TERRINHA - LOJA 03
1067255;22/09/2026;DALBEN - TAQUARAL
1067258;29/09/2026;DALBEN - TAQUARAL
1067261;23/09/2026;DALBEN - BARAO
1067264;23/09/2026;DALBEN - MANSOES
1067266;23/09/2026;DALBEN - MANSOES
1067276;25/09/2026;SUPERMERCADOS SAO VICENTE - LJ 01
1067281;23/09/2026;SABORES DA TERRINHA - LOJA 03
1067282;23/09/2026;SUPER MIX BRANDINA
1067286;24/09/2026;SUPERMERCADO EXAMINE - LOJA 1
1067287;24/09/2026;SUPERMERCADO EXAMINE - LOJA 1
1067289;23/09/2026;SUPERMERCADOS REAL - LOJA 04
1067294;23/09/2026;SUPERMERCADOS REAL - LOJA 02
1067297;23/09/2026;SUPERMERCADO ESTANCIA - LOJA 01
1067299;23/09/2026;SUPERMERCADO ESTANCIA - LOJA 04
1067302;23/09/2026;MERCADO KIODAI - ITAPECERICA
1067303;23/09/2026;KLEBER CARNES
1067304;23/09/2026;SUPERMERCADO ESTANCIA - LOJA 04
1067305;22/09/2026;ROLIM DE FREITAS & CIA
1067308;23/09/2026;SM SP2
1067313;23/09/2026;MINI MERCADO GAIJIN
1067317;23/09/2026;SM SP2
1067324;23/09/2026;MINI EMPORIO HORA CE
1067327;23/09/2026;MERCADINHO NIKKEY
1067329;23/09/2026;MERCADINHO NIKKEY
1067332;24/09/2026;SUPERMERCADOS PARANÁ - ITACOLOMI
1067335;24/09/2026;SUPERMERCADOS PARANÁ - BARONESA
1067336;25/09/2026;DC DISTRIBUIDORA
1067337;24/09/2026;SUPERMERCADOS PARANÁ - PRESIDENTE ALTINO
1067347;25/09/2026;SUPERMERCADOS PARANÁ - JD DAS ROSAS
1067356;24/09/2026;SUPERMERCADO PARANÁ - JUNDIAPEBA
1067357;23/09/2026;MASTER ATS SUPERMERCADOS - EMBU-GUAÇU
1067358;29/09/2026;SUPERMERCADOS SAO VICENTE - LJ 01
1067359;28/09/2026;ZAFFARI - RS CD
1067360;24/09/2026;SUPERMERCADOS PARANÁ - MIKAIL
1067362;25/09/2026;SUPERMERCADOS PARANÁ - BARONESA
1067364;25/09/2026;SUPERMERCADOS PARANÁ - PRESIDENTE ALTINO
1067365;28/09/2026;VIVA MINIMERCADO
1067366;24/09/2026;SUPERMERCADOS PARANÁ - MARIA DIRCE
1067367;28/09/2026;DIVINA STORE
1067368;24/09/2026;SUPERMERCADOS PARANÁ - PARQUE PRIMAVERA
1067369;24/09/2026;BIDFOOD - CARAPICUIBA
1067370;24/09/2026;SUPERMERCADOS PARANÁ - CARAPICUIBA
1067371;23/09/2026;VEND PERTO MACHINES
1067375;24/09/2026;TENNESSEE - CUPECE
1067378;24/09/2026;COOPERCICA - 01
1067381;24/09/2026;SUPERMERCADOS PARANÁ - JD DAS ROSAS
1067382;24/09/2026;COOPERCICA - 09
1067383;24/09/2026;COOPERCICA - 08
1067385;24/09/2026;COOPERCICA - 07
1067386;24/09/2026;COOPERCICA - 08
1067387;24/09/2026;COOPERCICA - 07
1067388;24/09/2026;COOPERCICA - 06
1067393;24/09/2026;SUPERMERCADO PARANÁ - CARAPICUIBA
1067395;23/09/2026;MERCADO SUPER SUPER
1067396;24/09/2026;COOPERCICA - 06
1067397;24/09/2026;COOPERCICA - 05
1067398;24/09/2026;COOPERCICA - 05
1067399;24/09/2026;COOPERCICA - 04
1067403;24/09/2026;MERCADINHO J SILVA
1067404;29/09/2026;TAUSTE SUPERMERCADOS - CD
1067405;24/09/2026;SUPERMERCADO PARANÁ - JUNDIAPEBA
1067407;23/09/2026;DUQUE - LJ 01
1067408;24/09/2026;SACOLAO PERDIZES
1067415;25/09/2026;SUPERMERCADOS PARANÁ - BARONESA
1067417;25/09/2026;SUPERMERCADOS PARANÁ - PRESIDENTE ALTINO
1067421;24/09/2026;SUPERMERCADOS PARANÁ - PIRAJUSSARA
1067427;24/09/2026;SUPERMERCADOS PARANÁ - PIRAJUSSARA
1067430;24/09/2026;SUPERMERCADOS PARANÁ - CARAPICUIBA
1067431;25/09/2026;WILMA FLOR
1067433;23/09/2026;CAPS
1067435;24/09/2026;TAUSTE SUPERMERCADOS - CD
1067438;23/09/2026;SUPERMERCADO UNIAO - LOJA 03
1067440;24/09/2026;COOPERCICA - 04
1067441;24/09/2026;COOPERCICA - 03
1067442;24/09/2026;COOPERCICA - 03
1067443;24/09/2026;COOPERCICA - 02
1067444;24/09/2026;COOPERCICA - 02
1067446;24/09/2026;DEFROST
1067448;25/09/2026;ATACADAO DUNORTE
1067453;23/09/2026;G PIRES - 02
1067455;23/09/2026;DEFROST
1067456;23/09/2026;ARMAZEM CENTRAL PARK
1067457;23/09/2026;ARMAZEM CENTRAL PARK
1067461;25/09/2026;SABORES DA TERRINHA - LOJA 03
1067462;23/09/2026;EMPORIO NATURAL FOODS
1067463;23/09/2026;SACOLAO PERDIZES
1067464;23/09/2026;SUPERMERCADO FLAMENGO - LJ 03
1067466;23/09/2026;MINI EMPORIO HORA CE
1067468;23/09/2026;ACADEMIA AMC
1067472;24/09/2026;COOPERCICA - 01
1067473;24/09/2026;COOPERCICA - 01
1067476;24/09/2026;GOYOS BATA
1067479;23/09/2026;MINIMERCADO EM CONDOMINIOS
1067481;24/09/2026;SUPERMERCADO FLAMENGO - LJ 03
1067485;23/09/2026;MERCADINHO DCM
1067486;24/09/2026;MERCADINHO DCM
1067487;23/09/2026;MERCADO KIODAI - ITAPECERICA
1067488;23/09/2026;MERCADO KIODAI - ITAPECERICA
1067492;22/09/2026;EMPÓRIO POMARKET
1067493;23/09/2026;SACOLAO MARIA
1067494;24/09/2026;SACOLAO MARIA
1067500;24/09/2026;TAUSTE SUPERMERCADOS - CD
1067518;25/09/2026;SONI SUPERMERCADOS - LJ 01
1067520;25/09/2026;SONI SUPERMERCADOS - LJ 03
1067522;25/09/2026;MERCADAO - 01
1067525;24/09/2026;SUPER GUARU
1067526;25/09/2026;MERCADO SUPER SUPER
1067527;28/09/2026;MERCADAO - 02
1067528;28/09/2026;MERCADAO - 03
1067529;23/09/2026;SM LODETTI
1067530;28/09/2026;MERCADAO - 04
1067531;24/09/2026;SM LODETTI
1067532;25/09/2026;MERCADAO - 05
1067533;23/09/2026;MINI MERCADO TEIXEIRA
1067534;22/09/2026;ATOS - PARQUE ARTUR ALVIM
1067535;24/09/2026;SM LODETTI
1067536;28/09/2026;MERCADAO - 06
1067538;23/09/2026;SUPERMERCADO SANTANA
1067544;23/09/2026;CENTRO DE DISTRIBUICAO BUTANTA
1067546;25/09/2026;MERCADAO - 07
1067547;28/09/2026;MERCADAO - 08
1067548;25/09/2026;MERCADAO - 09
1067549;23/09/2026;KITY SUPERMERCADO
1067550;28/09/2026;MERCADAO - 10
1067551;23/09/2026;KITY SUPERMERCADO
1067552;28/09/2026;J R DA SILVA
1067554;25/09/2026;MERCADAO - 11
1067555;28/09/2026;MERCADAO - 12
1067556;22/09/2026;BOM LUGAR - 26
1067557;28/09/2026;MERCADAO - 13
1067558;23/09/2026;PADARIA BANDEIRANTES II
1067559;25/09/2026;MERCADAO - 14
1067561;24/09/2026;CERCADAO - 03
1067562;24/09/2026;CERCADAO - 02
1067564;28/09/2026;MERCADAO - 01
1067565;24/09/2026;CERCADAO - 08
1067566;28/09/2026;MERCADAO - 03
1067568;28/09/2026;MERCADAO - 02
1067569;24/09/2026;CERCADAO - 06
1067571;28/09/2026;MERCADAO - 05
1067572;25/09/2026;MERCADAO - 04
1067573;25/09/2026;MERCADAO - 06
1067574;25/09/2026;MERCADAO - 08
1067575;28/09/2026;MERCADAO - 07
1067576;25/09/2026;MERCADAO - 10
1067577;28/09/2026;MERCADAO - 09
1067578;28/09/2026;MERCADAO - 11
1067579;23/09/2026;COMERCIAL QUALIT
1067580;28/09/2026;MERCADAO - 14
1067581;25/09/2026;MERCADAO - 13
1067582;28/09/2026;MERCADAO - 12
1067583;24/09/2026;MERCADO AURELIO - LJ 02
1067586;24/09/2026;CERCADAO - 02
1067587;24/09/2026;CERCADAO - 03
1067590;24/09/2026;CERCADAO - 06
1067592;24/09/2026;CERCADAO - 08
1067593;28/09/2026;MERCADAO - 03
1067594;28/09/2026;MERCADAO - 02
1067595;28/09/2026;MERCADAO - 01
1067596;28/09/2026;MERCADAO - 07
1067597;25/09/2026;MERCADAO - 06
1067598;25/09/2026;MERCADAO - 10
1067599;28/09/2026;MERCADAO - 09
1067601;25/09/2026;MERCADAO - 08
1067602;28/09/2026;MERCADAO - 05
1067603;25/09/2026;MERCADAO - 04
1067604;25/09/2026;MERCADAO - 13
1067605;28/09/2026;MERCADAO - 12
1067606;28/09/2026;MERCADAO - 11
1067607;25/09/2026;MERCADAO - 04
1067608;28/09/2026;MERCADAO - 03
1067609;28/09/2026;MERCADAO - 05
1067610;28/09/2026;MERCADAO - 02
1067611;28/09/2026;MERCADAO - 01
1067612;28/09/2026;MERCADAO - 14
1067613;24/09/2026;COFESA - 15
1067614;28/09/2026;MERCADAO - 11
1067615;25/09/2026;MERCADAO - 10
1067616;28/09/2026;MERCADAO - 09
1067617;25/09/2026;MERCADAO - 08
1067618;28/09/2026;MERCADAO - 07
1067619;25/09/2026;MERCADAO - 06
1067620;28/09/2026;MERCADAO - 14
1067621;25/09/2026;MERCADAO - 13
1067624;28/09/2026;MERCADAO - 12
1067625;24/09/2026;SUPERMERCADO MANANCIAL - LJ 01
1067626;23/09/2026;SUPERMERCADO MANANCIAL - LJ 01
1067627;23/09/2026;SUPERMERCADO MANANCIAL - LJ 01
1067629;24/09/2026;COFESA - 18
1067630;28/09/2026;TMC CONVENIENCIA
1067631;24/09/2026;COFESA - 02
1067632;24/09/2026;COFESA - 06
1067633;24/09/2026;COFESA - 07
1067634;24/09/2026;COFESA - 09
1067635;23/09/2026;MERCADO DONA IVETE - VILA PRINCESA ISABEL
1067636;24/09/2026;COFESA - 14
1067637;23/09/2026;AGUIAR SUPERMERCADO
1067638;28/09/2026;MERCADO NASCENTE
1067640;25/09/2026;SUPERMERCADO CORAL - LOJA 01
1067641;23/09/2026;SUPERMERCADO MANANCIAL - LJ 02
1067650;25/09/2026;BOM DIA SUPERMERCADOS - 04
1067682;25/09/2026;MOB SUPERMERCADOS - 05
1067715;28/09/2026;BOM DIA SUPERMERCADOS - 01
1067748;25/09/2026;BOM DIA SUPERMERCADOS - 06
1067781;25/09/2026;SUP ALBUQUERQUE - 03
1067814;01/10/2026;SUPERMERCADO CORAL - LOJA 04
1067815;28/09/2026;SUPERMERCADO CORAL - LOJA 04
1067816;25/09/2026;SUPERMERCADO CORAL - LOJA 03
1067817;25/09/2026;SUPERMERCADO CORAL - LOJA 03
1067818;02/10/2026;SUPERMERCADO CORAL - LOJA 02
1067819;25/09/2026;SUPERMERCADO CORAL - LOJA 02
1067822;28/09/2026;MAMBO - CASH ATACADO
1067827;24/09/2026;VILA REINO
1067833;24/09/2026;MERCADO GONÇALVES
1067838;25/09/2026;BOM DIA SUPERMERCADOS - 06
1067839;25/09/2026;BOM DIA SUPERMERCADOS - 01
1067840;25/09/2026;MOB SUPERMERCADOS - 05
1067841;25/09/2026;BOM DIA SUPERMERCADOS - 04
1067842;25/09/2026;MERCADO NASCENTE
1067843;28/09/2026;J R DA SILVA
1067849;24/09/2026;BARBOSA - 26
1067850;24/09/2026;BARBOSA - 24
1067852;24/09/2026;BARBOSA - 21
1067856;24/09/2026;BARBOSA - 09
1067857;24/09/2026;BARBOSA - 06
1067858;24/09/2026;BARBOSA - 04
1067866;28/09/2026;ANCORA DISTRIBUIDORA
1067922;25/09/2026;ACOUGUE JS
1067923;24/09/2026;SHOPPER COMERCIO ALIMENTICIO - OSASCO
1067927;05/10/2026;BARBOSA - 01
1067929;24/09/2026;BARBOSA - 03
1067930;24/09/2026;BARBOSA - 04
1067932;24/09/2026;BARBOSA - 06
1067934;24/09/2026;BARBOSA - 09
1067941;24/09/2026;BARBOSA - 18
1067944;24/09/2026;BARBOSA - 21
1067946;24/09/2026;BARBOSA - 24
1067947;24/09/2026;BARBOSA - 26
1067952;24/09/2026;BARBOSA - 35
1067953;25/09/2026;BARBOSA - 36
1067958;25/09/2026;BARBOSA - 41
1067960;25/09/2026;BARBOSA - 43
1067964;25/09/2026;M CLOSET COMERCIAL
1067965;25/09/2026;SUPERMERCADO VERDEMAR
1067967;25/09/2026;SUPERMERCADO VERDEMAR
1067969;25/09/2026;SUPERMERCADO NATALE TANI - LJ 01
1067973;23/09/2026;BERGAMINI - EDU CHAVES
1067974;28/09/2026;SUP ALBUQUERQUE - 03
1067977;01/10/2026;ASSAI  - CD PACIENCIA
1067981;24/09/2026;BERGAMINI - JACANA
1067984;24/09/2026;CENTRO DE DISTRIBUICAO BUTANTA
1067985;28/09/2026;MINI MERCADO E ACOUGUE PONTO BOM
1067987;24/09/2026;BERGAMINI - JACANA
1067994;25/09/2026;SUPERMERCADO XODO - CENTRO
1067995;24/09/2026;COFESA - 14
1067996;28/09/2026;SUPERMERCADO OURINHOS
1067997;24/09/2026;COFESA - 09
1067998;25/09/2026;COFESA - 02
1067999;24/09/2026;COFESA - 18
1068000;24/09/2026;COFESA - 15
1068002;24/09/2026;BOM LUGAR - 37
1068007;24/09/2026;SUP CORREA - FRANCISCO 01
1068011;24/09/2026;IRMAOS SILVA - 02
1068012;25/09/2026;IRMAOS SILVA - 01
1068013;25/09/2026;IRMAOS LOPES - CD
1068014;24/09/2026;IRMAOS SILVA - 01
1068016;28/09/2026;IMPERIO PAIVA ACOUGUE
1068022;25/09/2026;SUPERMERCADO OURINHOS
1068037;24/09/2026;MZ SUPERMERCADO
1068040;28/09/2026;MINI MERCADO E ACOUGUE PONTO BOM
1068043;24/09/2026;CENTRO DE DISTRIBUICAO BUTANTA
1068044;24/09/2026;CENTRO DE DISTRIBUICAO BUTANTA
1068045;24/09/2026;CENTRO DE DISTRIBUICAO BUTANTA
1068050;28/09/2026;SHIBATA - H3
1068054;28/09/2026;SHIBATA - H5
1068057;25/09/2026;SHIBATA - H10
1068058;28/09/2026;SHIBATA - H9
1068060;28/09/2026;SHIBATA - PINDAMONHAGABA
1068062;25/09/2026;FRUT JASP
1068064;25/09/2026;SHIBATA -  H12
1068065;25/09/2026;SHIBATA - H11
1068066;28/09/2026;MINI MERCADO E ACOUGUE PONTO BOM
1068069;28/09/2026;SHIBATA - S3
1068070;28/09/2026;SHIBATA - S2
1068072;28/09/2026;SHIBATA - H16
1068073;28/09/2026;SHIBATA - H15
1068074;28/09/2026;SHIBATA - TAUBATE
1068076;28/09/2026;SHIBATA - S8
1068077;28/09/2026;SHIBATA - S7
1068079;28/09/2026;SHIBATA - BIRITIBA
1068080;28/09/2026;SHIBATA - S15
1068082;28/09/2026;SHIBATA - S13
1068084;28/09/2026;SHIBATA - S11
1068088;01/10/2026;CARREFOUR - RS CD
1068092;28/09/2026;PONTO CERTO - SANTO EDUARDO
1068098;08/10/2026;ASSAI  - CD PACIENCIA
1068099;08/10/2026;ASSAI  - CD PACIENCIA
1068100;28/09/2026;PONTO CERTO - KUABARA
1068107;23/09/2026;PONTO CERTO - JARDIM SORAIA
1068110;24/09/2026;PONTO CERTO - CAPELA
1068113;23/09/2026;PONTO CERTO - TABOAO
1068116;25/09/2026;PONTO CERTO - CAMPO LIMPO
1068117;25/09/2026;PONTO CERTO - EMBU
1068119;24/09/2026;PONTO CERTO - PARQUE FERNANDA
1068124;28/09/2026;PONTO CERTO - VILA ZELINA
1068126;23/09/2026;PONTO CERTO - JARDIM SAO LUIS
1068128;23/09/2026;PONTO CERTO - JARDIM SORAIA
1068130;25/09/2026;SEANE - LJ 01
1068131;28/09/2026;DERRUBA PRECO - IPERO
1068133;23/09/2026;PONTO CERTO - DO ORTIZ
1068136;28/09/2026;PONTO CERTO - CAPELA
1068137;28/09/2026;PONTO CERTO - MACEDONIA
1068138;28/09/2026;PONTO CERTO - JARDIM DAS ROSAS
1068140;25/09/2026;PONTO CERTO - TABOAO
1068142;23/09/2026;PONTO CERTO - NOVO LIDER
1068148;23/09/2026;PONTO CERTO - CAMPO LIMPO
1068149;28/09/2026;PONTO CERTO - EMBU
1068150;24/09/2026;SUPERMERCADO SILVA
1068151;23/09/2026;PONTO CERTO - HIPER
1068153;28/09/2026;PONTO CERTO - PARQUE FERNANDA
1068155;25/09/2026;PONTO CERTO - HORIZONTE
1068160;28/09/2026;CARREFOUR - SP CD
1068162;01/10/2026;CARREFOUR - SP CD
1068163;28/09/2026;SUPERMERCADOS SAO VICENTE - LJ 01
1068169;24/09/2026;SUPERMERCADO UNIAO - LOJA 16
1068171;28/09/2026;JEAN MICHAEL PEREIRA
1068172;28/09/2026;FRUT JASP
1068174;28/09/2026;SHIBATA - H17 GUARATINGUETA
1068177;28/09/2026;SUPERMERCADO ESTANCIA - LOJA 04
1068276;23/09/2026;ARMAZEM NORDESTINO E PRODUTOS NATURAIS
1068278;23/09/2026;BELLA SAO LUCAS
1068279;28/09/2026;DU OVO
1068344;25/09/2026;MUINO & CIA (SÃO MIGUEL)
1068380;28/09/2026;DC DISTRIBUIDORA
1068381;28/09/2026;DC DISTRIBUIDORA
1068385;25/09/2026;MUINO & CIA (SÃO MIGUEL)
1068387;25/09/2026;SUPERMERCADO RODRIGUES MRM
1068390;25/09/2026;REDE DUQUE - CONDE ALPHAVILLE
1068392;25/09/2026;REDE DUQUE - JARDIM AMERICA
1068393;25/09/2026;MUINO & CIA (SÃO MIGUEL)
1068394;25/09/2026;MUINO & CIA (SÃO MIGUEL)
1068395;24/09/2026;NK MERCADO
1068397;25/09/2026;SUPERMERCADO RODRIGUES MRM
1068398;28/09/2026;REI DOS TEMPEROS
1068399;28/09/2026;REI DOS TEMPEROS
1068404;25/09/2026;REDE DUQUE - GUARARAPES
1068405;23/09/2026;SUPERMERCADO PRECITO
1068406;25/09/2026;FRIOS CAMPO BELO
1068407;25/09/2026;FRIOS CAMPO BELO
1068408;28/09/2026;SANTA MARIA VARIEDADES
1068409;24/09/2026;POMAR DO CAMPO
1068417;23/09/2026;MERC LUCINDOS
1068418;28/09/2026;DC DISTRIBUIDORA
1068419;24/09/2026;SUPERMERCADO SOROCABA
1068423;24/09/2026;MERCADO ESPERANCA
1068425;01/10/2026;COOP - CD SAO BERNADO
1068426;01/10/2026;COOP - CD SAO BERNADO
1068430;23/09/2026;ESPETINHO ESPERANCA
1068431;25/09/2026;BRILHO DO SOL COMERCIAL
1068433;24/09/2026;A PEREIRA ACOUGUE
1068437;25/09/2026;IRMAOS REIS
1068438;25/09/2026;SUPERMERCADO ALIANCA
1068439;25/09/2026;SUPERMERCADO RODRIGUES MRM
1068444;28/09/2026;FRUT JASP
1068447;23/09/2026;ELISSON DOS SANTOS
1068451;24/09/2026;B B DISTRIBUIDORA
1068453;25/09/2026;SUPERMERCADO ALIANCA
1068456;25/09/2026;SUPERMERCADO PRECITO
1068458;24/09/2026;B&M SUPERMERCADO
1068461;24/09/2026;DOCES VINNI
1068463;25/09/2026;SERV 7 - JARDIM PARAGUACU
1068464;01/10/2026;DAKI - CD EMBU DAS ARTES
1068465;25/09/2026;SERV 7 - CONJUNTO HABITACIONAL
1068467;08/10/2026;ASSAI - 12
1068468;17/10/2026;ASSAI - 237
1068469;16/10/2026;ASSAI - 167
1068470;14/10/2026;ASSAI 354
1068472;22/10/2026;ASSAI - 178
1068474;20/10/2026;ASSAI - 168
1068475;25/09/2026;ASSAI - 327
1068476;09/10/2026;ASSAI - 21
1068477;28/10/2026;ASSAI - 154
1068479;20/10/2026;ASSAI - 244
1068480;08/10/2026;ASSAI - 295 ITATIBA
1068481;14/10/2026;ASSAI - 312
1068482;14/10/2026;ASSAI - 121
1068484;10/10/2026;ASSAI - 303
1068485;06/10/2026;ASSAI - 130
1068486;05/10/2026;ASSAI - 39
1068487;06/10/2026;ASSAI - 267
1068488;25/09/2026;ASSAI - 73
1068489;14/10/2026;ASSAI - 263
1068490;22/10/2026;ASSAI - 174
1068491;20/10/2026;ASSAI - 173
1068492;19/10/2026;ASSAI - 200
1068493;06/10/2026;ASSAI - 25
1068494;13/10/2026;ASSAI - 351
1068495;16/10/2026;ASSAI - 50
1068497;15/10/2026;ASSAI 281
1068499;25/09/2026;ASSAI - 63
1068500;09/10/2026;ASSAI - 246
1068501;14/10/2026;ASSAI - 24
1068502;25/09/2026;CENTRO DE DISTRIBUICAO BUTANTA
1068506;29/09/2026;URCA ATACADISTA - JACANA
1068507;24/09/2026;CERCADAO - 03
1068515;25/09/2026;SUPERMERCADO ALIANCA
1068517;01/10/2026;CERCADAO - 05
1068518;25/09/2026;FONSECA - LOJA 1
1068519;28/09/2026;BENGALA  SAO MATHEUS
1068520;24/09/2026;CERCADAO - 08
1068523;25/09/2026;FONSECA - LOJA 2
1068524;24/09/2026;BENGALA DV
1068527;25/09/2026;SUPERMERCADO PRECITO
1068528;28/09/2026;MERCEARIA BIGA
1068529;25/09/2026;FONSECA - LOJA 4
1068530;25/09/2026;MERCADO NOVA GERACAO - CISPER
1068537;24/09/2026;BENGALA DV
1068539;24/09/2026;HORTIFRUTI CHET
1068540;25/09/2026;SUPERMERCADO PRECITO
1068541;25/09/2026;MERCADO NOVA GERACAO - CISPER
1068542;28/09/2026;BENGALA  SAO MATHEUS
1068543;28/09/2026;BENGALA - NSX
1068544;24/09/2026;BENGALA NOVO LAR
1068546;28/09/2026;BETTOS SUPERMERCADO - LOJA 03
1068548;28/09/2026;BETTOS SUPERMERCADO - LOJA 03
1068550;25/09/2026;SERV 7 - CONJUNTO HABITACIONAL
1068552;25/09/2026;SERV 7 - JARDIM PARAGUACU
1068553;28/09/2026;MERC YOSHIE
1068554;25/09/2026;FONSECA - LOJA 7
1068555;28/09/2026;BENGALA - SUPERMERCADO  JSK
1068556;28/09/2026;KATUCHA LJ 1
1068557;28/09/2026;MERC YOSHIE
1068560;28/09/2026;GRUPO CHAMA - CD
1068561;29/09/2026;GRUPO CHAMA - 19
1068563;25/09/2026;GRUPO CHAMA - 19
1068564;29/09/2026;SUPERMERCADO TESCO
1068565;28/09/2026;BETTOS SUPERMERCADO - LOJA 03
1068566;24/09/2026;FONSECA - LOJA 9
1068567;28/09/2026;LOUSA
1068568;28/09/2026;BETTOS SUPERMERCADO - LOJA 03
1068573;25/09/2026;GRUPO CHAMA - 19
1068575;25/09/2026;FONSECA - LOJA 11
1068576;25/09/2026;MERCADINHO ORIENTAL
1068577;25/09/2026;FONSECA - LOJA 12
1068578;25/09/2026;GOLD PRIME
1068579;28/09/2026;BETTOS SUPERMERCADO - LOJA 01
1068580;28/09/2026;BETTOS SUPERMERCADO - LOJA 01
1068583;28/09/2026;MERCADIM
1068584;25/09/2026;FONSECA - LOJA 13
1068585;02/10/2026;COMERCIAL DAHANA - CAMPINA VERDE
1068586;05/10/2026;MULTI FORMATO - CAMPINA VERDE
1068587;05/10/2026;COMERCIAL DAHANA - CAMPINA VERDE
1068593;28/09/2026;CONFIANCA - LJ 01
1068594;28/09/2026;DEDO DE MOCA
1068599;25/09/2026;CONFIANCA - LJ 06
1068600;28/09/2026;CONFIANCA - LJ 05
1068601;23/09/2026;HIGA PRODUTOS - CAMPINAS
1068602;25/09/2026;REDE PLUS F1
1068603;25/09/2026;TAKARA & CIA
1068604;28/09/2026;REDE PLUS F1
1068605;28/09/2026;TAKARA & CIA
1068606;28/09/2026;MERCADO KM 100
1068607;25/09/2026;CONFIANCA - LJ 06
1068610;28/09/2026;HIGA PRODUTOS - CAMPINAS
1068611;28/09/2026;SM TAKARA PRUDENTE
1068612;30/09/2026;SM TAKARA PRUDENTE
1068617;24/09/2026;COMERCIAL TAKARA PIRITUBA
1068620;24/09/2026;HIGA SANTA BARBARA - LOJA 10
1068621;28/09/2026;REDE PLUS F1
1068622;28/09/2026;REDE PLUS F1
1068623;24/09/2026;HIGA SANTA BARBARA - LOJA 10
1068624;28/09/2026;HIGA PRODUTOS - SOROCABA
1068625;30/09/2026;SM TAKARA PRUDENTE
1068627;28/09/2026;HIGA PRODUTOS - SOROCABA
1068629;25/09/2026;EMPORIO BRASILANDIA
1068630;28/09/2026;HIGA PRODUTOS  - LOJA 07
1068631;28/09/2026;TAKARA & CIA
1068633;25/09/2026;EMPORIO BRASILANDIA
1068637;23/09/2026;HIGA PRODUTOS  - LOJA 07
1068639;25/09/2026;EMPORIO BRASILANDIA
1068643;28/09/2026;HIGA PRODUTOS - CAMPINAS
1068645;25/09/2026;EMPORIO CATROQUE - LJ 02
1068646;28/09/2026;EMPORIO CATROQUE - LJ 02
1068648;28/09/2026;SUPERMERCADO CATROQUE - LJ 03
1068649;28/09/2026;SUPERMERCADO CATROQUE - LJ 01
1068650;28/09/2026;SUPERMERCADO CATROQUE - LJ 01
1068651;28/09/2026;HIGA PRODUTOS - SOROCABA
1068652;23/09/2026;HIGA PRODUTOS  - LOJA 07
1068654;28/09/2026;SUPERMERCADO CATROQUE - LJ 04
1068655;28/09/2026;SUPERMERCADO CATROQUE - LJ 04
1068658;25/09/2026;SUPERMERCADO SANTO ANTONIO - LJ 02
1068662;25/09/2026;EMPORIO BRASILANDIA
1068663;30/09/2026;SM TAKARA PRUDENTE
1068672;28/09/2026;PARANA SUPERMERCADOS -  MATRIZ
1068674;25/09/2026;PARANA SUPERMERCADOS  - LOJA 02
1068675;24/09/2026;PARANA SUPERMERCADOS - LOJA 06
1068677;24/09/2026;PARANA SUPERMERCADOS - LOJA 08
1068705;24/09/2026;CAPISCE
1068740;24/09/2026;CAPISCE
1068742;07/10/2026;BARBOSA - 01
1068748;28/09/2026;MERCEARIA TRALDI & L
1068755;24/09/2026;BARBOSA - 06
1068757;24/09/2026;BARBOSA - 09
1068764;24/09/2026;BARBOSA - 18
1068767;24/09/2026;BARBOSA - 21
1068769;24/09/2026;BARBOSA - 24
1068770;24/09/2026;BARBOSA - 26
1068775;24/09/2026;BARBOSA - 35
1068776;25/09/2026;BARBOSA - 36
1068783;25/09/2026;BARBOSA - 43
1068786;24/09/2026;BENGALA NOVO LAR
1068837;24/09/2026;MERCADO ITAMAR
1068840;28/09/2026;PARANA SUPERMERCADOS -  MATRIZ
1068841;28/09/2026;HIGA PRODUTOS  - LOJA 07
1068842;28/09/2026;HIGA PRODUTOS - SOROCABA
1068846;28/09/2026;HIGA PRODUTOS - SOROCABA
1068847;23/09/2026;HIGA PRODUTOS - CAMPINAS
1068848;23/09/2026;HIGA PRODUTOS  - LOJA 07
1068849;05/10/2026;CD - REAL ALIMENTOS
1068851;25/09/2026;FONSECA - LOJA 11
1068870;28/09/2026;HIGA PRODUTOS - CAMPINAS
1068871;28/09/2026;MERCADINHO IBIS
1068872;24/09/2026;HIGA SANTA BARBARA - LOJA 10
1068873;28/09/2026;SUPERMERCADO PRECITO
1068874;23/09/2026;HIGA PRODUTOS  - LOJA 07
1068875;28/09/2026;HIGA PRODUTOS - SOROCABA
1068880;24/09/2026;MERCADO IMPERADOR
1068885;24/09/2026;SUPERMERCADO PAULISTA
1068886;28/09/2026;ROSSI - FERRAZ
1068887;24/09/2026;ROSSI - VILA CISPER
1068888;28/09/2026;OBA - SP CD
1068890;05/10/2026;OBA - SP CD
1068891;25/09/2026;ROSSI - JD ADUTORA
1068893;28/09/2026;COMERCIAL ESPERANCA ATACADO DISTRIBUIDOR
1068895;01/10/2026;COMERCIAL ESPERANCA ATACADO DISTRIBUIDOR
1068896;28/09/2026;ROSSI - GUAIANAZES
1068901;28/09/2026;ROSSI - CARAPICUIBA
1068906;28/09/2026;ROSSI - JD NOVO CAMARGO
1068914;28/09/2026;BIG MAIS SUPERMERCADOS
1068916;05/10/2026;ROSSI - OSASCO
1068917;28/09/2026;CARREFOUR - DF CD
1068920;28/09/2026;HORTIFRUTI ZENTAI
1068925;28/09/2026;SUPERMERCADO JEQUITINHONHA
1068928;28/09/2026;ROSSI - LOJA 14
1068936;25/09/2026;PRIMOS - MATEO BEI
1068939;28/09/2026;SUP DOVALE - 01
1068940;28/09/2026;ROSSI - COCAIA
1068943;28/09/2026;ROSSI - LJ 18
1068945;05/10/2026;ROSSI - GUAIANAZES II
1068948;28/09/2026;ESPERANCA - 08
1068949;28/09/2026;SUPERMERCADO REMO
1068950;24/09/2026;SUPERMERCADO MORTARI
1068952;24/09/2026;SUPERMERCADO MORTARI
1068953;28/09/2026;SUPERMERCADO SER BOM
1068954;25/09/2026;TOP SERVICE DISTRIBUIDORA
1068955;28/09/2026;TOP SERVICE DISTRIBUIDORA
1068958;28/09/2026;GIKANY TRANSPORTE
1068959;25/09/2026;ACOUGUE MONOFORTE
1068963;28/09/2026;HORTIFRUTI ZENTAI
1068965;25/09/2026;ITAPEVA
1068967;30/09/2026;SUP DOVALE - 01
1068968;25/09/2026;SUP DOVALE - 05
1068969;25/09/2026;SUPERMERCADO JEQUITINHONHA
1068970;28/09/2026;HORTIFRUTI ZENTAI
1068971;28/09/2026;ESPERANCA - 09
1068972;25/09/2026;EMPORIO VILLAMARIN
1068973;05/10/2026;OBA - SP CD
1068974;28/09/2026;EMPORIO VILLAMARIN
1068977;28/09/2026;PRATICO SUPERMERCADO - LJ 11
1068979;28/09/2026;HORTISABOR - 03
1068982;25/09/2026;SUPERMERCADO LOS HERMANOS
1068984;28/09/2026;HORTISABOR - 03
1068985;25/09/2026;EMPORIUM SP PEDROSO - MHM SUPERMERCADOS
1068986;28/09/2026;SUPERMERCADO LOS HERMANOS
1068987;28/09/2026;SUPERMERCADO LOS HERMANOS
1068988;28/09/2026;SUPERMERCADO LOS HERMANOS
1068991;25/09/2026;HM HM SUPERMERCADOS - EMPORIUM SP AFONSO BRAZ
1068992;28/09/2026;ESPERANCA - 10
1068995;28/09/2026;MERCADO NOSSO LAR
1068997;28/09/2026;SUPERMERCADO MAR PEQUENO
1068998;28/09/2026;SUPERMERCADO MAR PEQUENO II
1068999;28/09/2026;SUPERMERCADO MAR PEQUENO
1069000;28/09/2026;SUPERMERCADO MAR PEQUENO II
1069001;28/09/2026;EMPORIO VILLAMARIN
1069003;28/09/2026;DC DISTRIBUIDORA
1069013;28/09/2026;REDE PLUS F1
1069017;14/10/2026;COOP - CD SAO BERNADO
1069018;14/10/2026;COMERCIAL ESPERANCA ATACADO DISTRIBUIDOR
1069019;28/09/2026;SUPER MERCADO JOIA - LJ 07
1069020;28/09/2026;FONSECA - LOJA 3
1069022;24/09/2026;SB BABA
1069023;24/09/2026;SUPERMERCADO MORTARI
1069024;24/09/2026;SUPERMERCADO MORTARI
1069026;05/10/2026;OBA - SP CD
1069027;24/09/2026;SUPERMERCADO PAULISTA
1069028;24/09/2026;MERCADO IMPERADOR
1069029;28/09/2026;HIGA SANTA BARBARA - LOJA 10
1069030;28/09/2026;HIGA PRODUTOS - CAMPINAS
1069031;28/09/2026;HIGA PRODUTOS - CAMPINAS
1069032;02/10/2026;COVABRA SUPERMERCADO - CD SUMARE
1069035;25/09/2026;TENDA  - CAMP CEASA
1069056;28/09/2026;PUBLIC - 09
1069071;28/09/2026;TENDA  - CAMP CEASA
1069072;28/09/2026;MERCADO SILVA AGUILAR
1069073;28/09/2026;MERCADO SOARES DO IPIRANGINHA
1069074;24/09/2026;VOG COMERCIO DE ALIMENTOS
1069078;28/09/2026;HORT SABOR DA ROCA
1069083;25/09/2026;ALABARCE - LOJA 02
1069085;28/09/2026;HX3698 HOUSE CENTER
1069086;28/09/2026;SACOLAO SAUDE - 01
1069090;28/09/2026;SACOLAO SAUDE - 02
1069093;05/10/2026;ASSAI  - 350
1069094;06/10/2026;ASSAI - 274
1069095;10/10/2026;ASSAI - 273
1069096;20/10/2026;ASSAI - 68
1069097;15/10/2026;ASSAI - 124
1069098;06/10/2026;ASSAI - 233
1069099;15/10/2026;ASSAI - 85
1069100;13/10/2026;ASSAI - 123
1069101;15/10/2026;ASSAI - 53
1069102;14/10/2026;ASSAI - 151
1069103;09/10/2026;ASSAI - 156
1069104;08/10/2026;ASSAI - 93
1069105;03/10/2026;ASSAI - 265
1069106;14/10/2026;ASSAI - 157
1069107;28/09/2026;SENDAS DISTRIBUIDORA 915 - CD CAJAMAR
1069109;06/10/2026;ASSAI - 272
1069110;25/09/2026;MONICAPS
1069111;09/10/2026;ASSAI - 165
1069112;13/10/2026;ASSAI - 209
1069113;06/10/2026;ASSAI - 275
1069114;28/09/2026;SACOLAO SAUDE - 06
1069115;05/10/2026;ASSAI - 349
1069116;25/09/2026;SACOLAO SAUDE - 05
1069117;01/10/2026;ASSAI - 199
1069118;15/10/2026;ASSAI - 148
1069119;03/10/2026;ASSAI - 258
1069120;06/10/2026;ASSAI - 280
1069121;28/09/2026;ASSAI 260 - MOOCA
1069122;10/10/2026;ASSAI - 343
1069123;10/10/2026;ASSAI - 269
1069124;05/10/2026;ASSAI - 336
1069125;09/10/2026;ASSAI - 75
1069127;15/10/2026;ASSAI - 58
1069128;08/10/2026;ASSAI - 89
1069129;13/10/2026;ASSAI - 126
1069130;25/09/2026;ASSAI - 18
1069131;15/10/2026;ASSAI - 203
1069132;14/10/2026;ASSAI - 64
1069133;05/10/2026;SENDAS DISTRIBUIDORA 915 - CD CAJAMAR
1069134;26/09/2026;ASSAI - 276
1069135;28/09/2026;ASSAI 161 - JARDIM ROSINA
1069136;07/10/2026;ASSAI - 271
1069137;03/10/2026;ASSAI - 254
1069138;10/10/2026;ASSAI - 285
1069139;05/10/2026;ASSAI - 48
1069141;05/10/2026;ASSAI - 282
1069142;10/10/2026;ASSAI - 337
1069143;07/10/2026;ASSAI - 74
1069144;09/10/2026;ASSAI - 104
1069145;06/10/2026;ASSAI  - 339
1069146;10/10/2026;ASSAI - 270
1069147;03/10/2026;ASSAI - 10
1069148;05/10/2026;ASSAI - 205
1069149;13/10/2026;ASSAI - 112
1069150;25/09/2026;ASSAI - 279
1069151;06/10/2026;ASSAI - 313
1069152;09/10/2026;ASSAI - 81
1069153;14/10/2026;ASSAI - 127
1069155;14/10/2026;ASSAI  129 - VILA CASCATINHA
1069156;15/10/2026;ASSAI - 59
1069157;14/10/2026;ASSAI - 155
1069160;25/09/2026;MINI  MERCADO HORA CERTA - VILA EMA
1069162;29/09/2026;SUSETE SANTOS
1069164;28/09/2026;MEU PRATA - LJ 02
1069165;25/09/2026;SACOLAO SAUDE - 09
1069166;28/09/2026;SACOLAO SAUDE - 08
1069168;25/09/2026;SACOLAO VILA CARRAO
1069171;10/10/2026;ASSAI - 336
1069172;07/10/2026;ASSAI - 93
1069173;08/10/2026;ASSAI - 269
1069174;05/10/2026;ASSAI - 343
1069176;14/10/2026;ASSAI - 126
1069177;07/10/2026;ASSAI - 68
1069178;06/10/2026;ASSAI - 271
1069179;28/09/2026;ASSAI 161 - JARDIM ROSINA
1069180;25/09/2026;ASSAI - 276
1069181;08/10/2026;ASSAI - 85
1069182;15/10/2026;ASSAI - 53
1069183;05/10/2026;ASSAI - 203
1069184;10/10/2026;ASSAI - 282
1069185;28/09/2026;ASSAI - 144
1069186;28/09/2026;ASSAI - 254
1069187;05/10/2026;ASSAI  - 339
1069188;13/10/2026;ASSAI - 104
1069189;13/10/2026;ASSAI - 112
1069190;13/10/2026;ASSAI - 205
1069191;30/09/2026;ASSAI - 279
1069192;07/10/2026;ASSAI - 270
1069193;15/10/2026;ASSAI  129 - VILA CASCATINHA
1069194;09/10/2026;ASSAI - 155
1069195;25/09/2026;ASSAI - 60
1069196;14/10/2026;ASSAI - 127
1069197;05/10/2026;ASSAI - 313
1069198;03/10/2026;ASSAI  - 350
1069199;15/10/2026;ASSAI - 58
1069200;06/10/2026;ASSAI - 274
1069201;25/09/2026;ASSAI - 18
1069202;20/10/2026;ASSAI - 64
1069203;15/10/2026;ASSAI - 123
1069204;03/10/2026;ASSAI - 233
1069205;13/10/2026;ASSAI - 124
1069206;25/09/2026;SACOLAO SAUDE - 02
1069209;25/09/2026;ALABARCE - LOJA 04
1069211;10/10/2026;ASSAI - 265
1069212;28/09/2026;ASSAI - 96
1069213;09/10/2026;ASSAI - 10
1069214;25/09/2026;ASSAI - 157
1069215;14/10/2026;ASSAI - 59
1069216;06/10/2026;ASSAI - 209
1069217;26/09/2026;ASSAI - 275
1069218;01/10/2026;ASSAI - 165
1069219;10/10/2026;ASSAI - 272
1069220;25/09/2026;ASSAI - 86
1069221;05/10/2026;ASSAI - 349
1069222;15/10/2026;ASSAI - 48
1069223;05/10/2026;ASSAI - 280
1069224;01/10/2026;ASSAI - 258
1069225;15/10/2026;ASSAI - 199
1069232;25/09/2026;ALABARCE - LOJA 01
1069233;28/09/2026;SIMPATIA - CD
1069236;25/09/2026;ALABARCE - LOJA 03
1069237;25/09/2026;ALABARCE - LOJA 03
1069238;30/09/2026;MINI  MERCADO HORA CERTA - VILA EMA
1069241;28/09/2026;ALABARCE - LOJA 04
1069242;28/09/2026;ALABARCE - LOJA 04
1069243;28/09/2026;MERCADO  TETEIA
1069244;28/09/2026;SACOLAO SAUDE - 05
1069249;28/09/2026;SACOLAO SAUDE - 07
1069250;25/09/2026;SACOLAO SAUDE - 08
1069251;25/09/2026;SACOLAO SAUDE - 09
1069252;28/09/2026;SACOLAO VILA CARRAO
1069253;28/09/2026;REDE DUQUE - SOROCABA
1069254;28/09/2026;SUPERMERCADOS SAO VICENTE - LJ 01
1069255;14/10/2026;DESTRO BRASIL DISTRIBUICAO
1069256;25/09/2026;SACOLAO SAUDE - 02
1069258;28/09/2026;SACOLAO SAUDE - 05
1069260;28/09/2026;SACOLAO SAUDE - 07
1069262;25/09/2026;SACOLAO SAUDE - 02
1069263;25/09/2026;SACOLAO SAUDE - 09
1069264;25/09/2026;SACOLAO SAUDE - 08
1069269;25/09/2026;ALABARCE - LOJA 01
1069270;28/09/2026;MERCADO ALIADO
1069272;01/10/2026;DAFS
1069273;28/09/2026;ALABARCE - LOJA 04
1069277;28/09/2026;ALABARCE - LOJA 01
1069279;25/09/2026;COMERCIO DE ALIMENTOS BURITI VERDE
1069281;28/09/2026;DAFS
1069283;28/09/2026;MERCADO PONTO X ITANHAEM
1069285;28/09/2026;MASTER ATS SUPERMERCADOS - OSASCO
1069286;28/09/2026;ALFJ UTILIDADES DOMESTICAS
1069288;28/09/2026;ALFJ UTILIDADES DOMESTICAS
1069289;01/10/2026;TORO ARMAZENAGEM - CLUB DE CAMPO
1069291;28/09/2026;TORO ARMAZENAGEM - CLUB DE CAMPO
1069292;28/09/2026;ALFJ UTILIDADES DOMESTICAS
1069293;28/09/2026;COMERCIO DE ALIMENTOS BURITI VERDE
1069294;25/09/2026;ATOS - CANINDE
1069296;28/09/2026;MERCADO  TETEIA
1069297;28/09/2026;DOCELANDIA - 03
1069298;28/09/2026;MERCADO LEVE MAIS PAGUE MENOS
1069301;25/09/2026;A A Z COMERCIO
1069305;28/09/2026;DON SUPERMERCADOS - 01
1069309;28/09/2026;ROSANA PEREIRA
1069311;28/09/2026;SUPERMERCADOS MACHADO - FILIAL 01
1069312;28/09/2026;ESPERANCA - 11
1069313;28/09/2026;SUPERMERCADOS MACHADO - FILIAL 11
1069314;28/09/2026;SUPERMERCADOS MACHADO - FILIAL 10
1069316;28/09/2026;SUPERMERCADOS MACHADO - FILIAL 03
1069317;28/09/2026;SUPERMERCADOS MACHADO - FILIAL 02
1069318;28/09/2026;SUPERMERCADOS MACHADO - FILIAL 04
1069319;28/09/2026;SUPERMERCADOS MACHADO - FILIAL 04
1069320;28/09/2026;SUPERMERCADOS MACHADO - FILIAL 59
1069321;28/09/2026;SUPERMERCADOS MACHADO - FILIAL 56
1069322;28/09/2026;SUPERMERCADO CHAIM - LJ 02
1069323;28/09/2026;ESPERANCA - 12
1069324;28/09/2026;RED BOI - PARELHEIROS
1069325;28/09/2026;SUPERMERCADO CHAIM - LJ 03
1069327;28/09/2026;ESPERANCA - 13
1069328;28/09/2026;SANTO SM - 01
1069329;25/09/2026;SUPERMERCADO ASSUNCAO
1069330;28/09/2026;HORTIFRUTI VILA GUARANI
1069333;28/09/2026;ROSANA PEREIRA
1069334;28/09/2026;SANTO SM - 01
1069336;25/09/2026;ESPERANCA - 14
1069337;28/09/2026;HORTIFRUTI E MINIMERCADO JARDIM
1069338;28/09/2026;SUPERMERCADO NATALE TANI - LJ 01
1069339;25/09/2026;A5 ALIMENTOS
1069340;28/09/2026;SANTO SM - 02
1069341;28/09/2026;ESPERANCA - 15
1069342;28/09/2026;SANTO SM - 02
1069347;28/09/2026;COFESA - 17
1069348;28/09/2026;PADOQUINHA - LJ 1
1069349;28/09/2026;COFESA - SUPER G
1069350;28/09/2026;ESPERANCA - 17
1069351;28/09/2026;ESPERANCA - 18
1069352;28/09/2026;SUPERMERCADO PAO NOSSO
1069365;28/09/2026;ASSAI - 213 BETIM
1069366;28/09/2026;ASSAI - 158 TABAJARAS
1069367;28/09/2026;ASSAI - 108 NOVO ELDORADO
1069368;28/09/2026;ASSAI - JUIZ DE FORA
1069369;28/09/2026;ASSAI - 287 SANTA EFIGENIA
1069370;28/09/2026;ASSAI - 283 UNIAO
1069371;28/09/2026;ASSAI - 261 SANTA LUCIA
1069372;28/09/2026;ASSAI - 249 CANAA
1069373;28/09/2026;ASSAI - 247 IPATINGA
1069399;01/10/2026;HORTIFRUTI E MINIMERCADO JARDIM
1069400;25/09/2026;MERCADINHO MARIALVA
1069401;25/09/2026;MERCADINHO MARIALVA
1069402;28/09/2026;MERCADINHO RODRIGO
1069403;29/09/2026;SUPERMERCADO CARIOCA
1069404;28/09/2026;ROSSI - GUAIANAZES
1069406;28/09/2026;ROSSI - VILA CISPER
1069410;28/09/2026;ROSSI - LOJA 14
1069411;05/10/2026;ROSSI - OSASCO
1069412;28/09/2026;SUPERMERCADO CARIOCA
1069413;28/09/2026;MERCADO IRMAOS PIRES
1069414;28/09/2026;ROSSI - LJ 18
1069415;28/09/2026;ROSSI - VILA NHOCUNE
1069416;28/09/2026;ROSSI - COCAIA
1069417;25/09/2026;ROSSI - GUAIANAZES II
1069418;28/09/2026;NOSSO LAR SUPERMERCADOS
1069419;25/09/2026;WRS SUPERMERCADOS - 08
1069420;28/09/2026;WRS SUPERMERCADOS - 06
1069421;28/09/2026;WRS SUPERMERCADOS - 07
1069422;28/09/2026;ESPERANCA - 19
1069423;25/09/2026;WRS SUPERMERCADOS - 02
1069428;28/09/2026;WRS SUPERMERCADOS - 05
1069431;28/09/2026;SACOLAO NOSSA SENHORA
1069432;28/09/2026;WRS SUPERMERCADOS - 04
1069434;28/09/2026;ROSSI - FERRAZ
1069435;29/09/2026;DON SUPERMERCADOS - 01
1069438;28/09/2026;TRES M - LJ 02
1069439;28/09/2026;TRES M - LJ 01
1069441;28/09/2026;REDE PANDA - LOJA 01
1069442;28/09/2026;ROSSI - JD NOVO CAMARGO
1069444;28/09/2026;SACOLAO PERDIZES
1069451;25/09/2026;MERCADO ESTORIL
1069452;28/09/2026;COMERCIO DE ALIMENTOS BURITI VERDE
1069455;28/09/2026;WRS SUPERMERCADOS - 08
1069458;01/10/2026;HOSPITAL NIPO BRASILEIRO
1069463;28/09/2026;MERCADO ESTORIL
1069464;28/09/2026;SACOLAO NOSSA SENHORA
1069465;28/09/2026;SUPERMERCADO JEQUITINHONHA
1069468;30/09/2026;PORTO SEGURO - 01
1069469;28/09/2026;SANTO SM - 01
1069471;29/09/2026;DIAS PASTORINHO - VILA MARIANA
1069472;29/09/2026;DIAS PASTORINHO - VILA MARIANA
1069473;28/09/2026;SANTO SM - 02
1069474;01/10/2026;PORTO SEGURO - 03
1069475;28/09/2026;CARLEY
1069476;25/09/2026;S C DISTRIBUIDORA
1069479;25/09/2026;ZAP DISTRIBUIDORA
1069480;26/09/2026;DIAS PASTORINHO - SANTANA
1069481;28/09/2026;S C DISTRIBUIDORA
1069482;28/09/2026;WRS SUPERMERCADOS - 04
1069483;28/09/2026;WRS SUPERMERCADOS - 05
1069485;25/09/2026;WRS SUPERMERCADOS - 07
1069486;28/09/2026;WRS SUPERMERCADOS - 02
1069487;28/09/2026;WRS SUPERMERCADOS - 06
1069488;28/09/2026;WRS SUPERMERCADOS - 08
1069489;25/09/2026;NOSSO LAR SUPERMERCADOS
1069493;28/09/2026;SONDA - CD
1069494;28/09/2026;CMR COMERCIO DE ALIMENTOS - LJ 30
1069495;28/09/2026;ULISSES ALVES DOMINGUES - LJ 32
1069496;29/09/2026;DIAS PASTORINHO - VILA MARIANA
1069497;29/09/2026;DIAS PASTORINHO - VILA MARIANA
1069499;28/09/2026;SONDA - CD
1069501;28/09/2026;TAPIOCARIA DA CA
1069502;28/09/2026;TAPIOCARIA DA CA
1069504;28/09/2026;DIA % - 704 CD
1069505;25/09/2026;CD - REAL ALIMENTOS
1069534;26/09/2026;DIA % - 704 CD
1069535;28/09/2026;REDE DUQUE - VILA LOBOS
1069540;05/10/2026;ASSAI - 313
1069541;20/10/2026;ASSAI - 89
1069543;28/09/2026;COLINA - SUL
1069546;05/10/2026;ASSAI - 64
1069552;01/10/2026;CENTRO DE DISTRIBUICAO BUTANTA
1069553;28/09/2026;COLINA - REINO
1069555;28/09/2026;ESPERANCA  - 21
1069563;01/10/2026;GRUPO CHAMA - 19
1069564;28/09/2026;COLINA - REINO
1069565;28/09/2026;COLINA - SUL
1069566;28/09/2026;COLINA - ILHABELA
1069575;28/09/2026;ALL SEASONS RESTAURANT
1069576;09/10/2026;UNICA COMERCIO E DISTRIBUICAO
1069577;28/09/2026;ESPERANCA - 24
1069578;28/09/2026;OURO VERDE HORTIFRUTI - LJ 1
1069579;01/10/2026;CENTRO DE DISTRIBUICAO BUTANTA
1069580;28/09/2026;CMR COMERCIO DE ALIMENTOS - LJ 30
1069583;28/09/2026;SAVEGNAGO - ARARAS
1069584;28/09/2026;CALVO - JD ARICANDUVA
1069586;28/09/2026;CALVO - JD ARICANDUVA
1069588;28/09/2026;CALVO - JD ARICANDUVA
1069589;28/09/2026;FORT - JUNDIAI
1069592;28/09/2026;FORT - CD LOJA
1069593;28/09/2026;CASA DE CARNES MARCELLA
1069594;07/10/2026;VALTER AMARAL MACHADO
1069599;28/09/2026;NEGRI ATACADISTA
1069600;28/09/2026;CASA DE CARNES MARCELLA
1069601;25/09/2026;MERCADINHO RODRIGO
1069602;01/10/2026;M CLOSET COMERCIAL
1069603;28/09/2026;MERCADINHO RODRIGO
1069607;28/09/2026;ROLDAO - JUNDIAI
1069608;01/10/2026;REDE LITORAL ATACADISTA
1069609;28/09/2026;A A Z COMERCIO
1069611;28/09/2026;SWIFT - CD ANHAGUERA
1069613;28/09/2026;TORO ARMAZENAGEM - CLUB DE CAMPO
1069615;07/10/2026;REDE LITORAL ATACADISTA
1069616;28/09/2026;CASTELAO
1069617;28/09/2026;SUPERMERCADO SERVE LEVE
1069618;28/09/2026;TOP SERVICE DISTRIBUIDORA
1069620;29/09/2026;DIAS PASTORINHO - SANTANA
1069621;28/09/2026;SENDAS DISTRIBUIDORA 915 - CD CAJAMAR
1069625;25/09/2026;HIROTA EXPRESS - CD 98
1069626;28/09/2026;CLUBE DA OFERTA
1069628;28/09/2026;SUPERMERCADO SERVE LEVE
1069629;29/09/2026;OURO VERDE HORTIFRUTI - LJ 1
1069630;01/10/2026;UNICA COMERCIO E DISTRIBUICAO
1069631;28/09/2026;SUPERMERCADO FERNANDO
1069632;28/09/2026;SUPERMERCADO FERNANDO
1069633;28/09/2026;ZAP DISTRIBUIDORA
1069636;28/09/2026;SUPERMERCADO SIMARA
1069637;28/09/2026;COFESA - SUPER G
1069638;28/09/2026;SUPERMERCADO GELATO
1069639;28/09/2026;SUPERMERCADO PAO NOSSO
1069641;28/09/2026;SUP CORREA - MARIA PEREIRA 08
1069642;28/09/2026;SUPERMERCADO PAO NOSSO
1069643;25/09/2026;RIBEIRO - 01
1069644;28/09/2026;PADOQUINHA - LJ 1
1069646;29/09/2026;VILA SUPERMERCADOS - VILA INDUSTRIAL
1069647;28/09/2026;SUPERMERCADO GELATO
1069648;28/09/2026;SANTO SM - 02
1069649;28/09/2026;SUPERMERCADO NATALE TANI - LJ 01
1069650;28/09/2026;SANTO SM - 01
1069651;01/10/2026;TW FOODS
1069652;28/09/2026;ESPERANCA - 08
1069653;28/09/2026;COMERCIAL ESPERANCA ATACADO DISTRIBUIDOR
1069654;28/09/2026;SUPERMERCADO CHAIM - LJ 03
1069656;28/09/2026;SUPERMERCADO CHAIM - LJ 02
1069657;28/09/2026;SUPERMERCADO CHAIM - LJ 01
1069658;28/09/2026;CHEFE DO PRECO
1069662;30/09/2026;IRMAOS LOPES - CD
1069663;28/09/2026;TENNESSEE - SAO MATEUS MATEO BEI
1069664;01/10/2026;HIROTA EXPRESS - CD CEAGESP
1069665;01/10/2026;HIROTA EXPRESS - CD CEAGESP
1069667;05/10/2026;HIROTA EXPRESS - CD 98
1069668;25/09/2026;MERCADO JC
1069669;28/09/2026;ZUCAI HUANG SUPERMER
1069670;28/09/2026;LEE SUPERMERCADO
1069671;01/10/2026;HIROTA EXPRESS - CD 98
1069672;28/09/2026;TOP DAS OFERTAS - SILVEIRA
1069673;28/09/2026;MERCADO LAR SEVICE
1069674;05/10/2026;TW FOODS
1069675;30/09/2026;CLUBE DA OFERTA
1069676;28/09/2026;CHEFE DO PRECO
1069677;28/09/2026;CHEFE DO PRECO
1069680;28/09/2026;SUPERMERCADO JVA - LJ 04
1069681;28/09/2026;HORTIFRUTI BARCELONA - IN
1069682;28/09/2026;TOP DAS OFERTAS - VILA CURUCA
1069683;28/09/2026;HORTIFRUTI BARCELONA - IN
1069684;28/09/2026;TOP DAS OFERTAS - BAETA NEVES
1069686;01/10/2026;ATACADAO 63
1069687;08/10/2026;ATACADAO 130
1069688;01/10/2026;ATACADAO 157
1069697;28/09/2026;MERCADO MOTTA NACOES
1069717;01/10/2026;DA PRACA - 09
1069729;01/10/2026;DA PRACA - 03
1069748;01/10/2026;DA PRACA - 16
1069758;01/10/2026;DA PRACA - 27
1069827;01/10/2026;PORTO SEGURO - 03
1070031;05/10/2026;OFNER
1070095;07/10/2026;ASSAI - 73
1070210;05/10/2026;OXXO - CAJAMAR
1070216;06/10/2026;ASSAI - 21
1070217;07/10/2026;ASSAI - 137
1070224;10/10/2026;ASSAI - 267
1070228;01/10/2026;ASSAI - 166
1070229;07/10/2026;ASSAI - 271
1070232;03/10/2026;ASSAI - 278
1070233;09/10/2026;ASSAI - 203
1070236;14/10/2026;ASSAI - 121
1070237;08/10/2026;ASSAI - 93
1070241;13/10/2026;ASSAI - 126
1070242;07/10/2026;ASSAI - 94
1070245;14/10/2026;ASSAI - 153
1070246;06/10/2026;ASSAI - 295 ITATIBA
1070247;01/10/2026;ASSAI  - 339
1070249;13/10/2026;ASSAI - 12
1070250;14/10/2026;ASSAI - 60
1070252;03/10/2026;ASSAI - 01
1070254;10/10/2026;ASSAI - 337
1070256;05/10/2026;ASSAI - 282
1070257;10/10/2026;ASSAI - 285
1070259;14/10/2026;ASSAI - 254
1070260;14/10/2026;ASSAI - 31
1070262;14/10/2026;ASSAI  129 - VILA CASCATINHA
1070263;05/10/2026;ASSAI - 38
1070264;03/10/2026;ASSAI - 237
1070265;13/10/2026;ASSAI - 313
1070268;13/10/2026;ASSAI - 112
1070269;05/10/2026;ASSAI - 205
1070270;14/10/2026;ASSAI 354
1070272;08/10/2026;ASSAI - 270
1070274;05/10/2026;ASSAI - 32
1070275;09/10/2026;ASSAI - 246
1070277;06/10/2026;ASSAI - 123
1070281;09/10/2026;ASSAI - 75
1070283;06/10/2026;ASSAI - 274
1070284;05/10/2026;ASSAI  - 350
1070286;01/10/2026;ASSAI - 265
1070292;14/10/2026;ASSAI - 149
1070293;10/10/2026;ASSAI - 301
1070298;06/10/2026;ASSAI - 275
1070299;05/10/2026;ASSAI - 351
1070300;13/10/2026;ASSAI - 209
1070306;14/10/2026;ASSAI - 240
1070307;09/10/2026;ASSAI - 157
1070310;06/10/2026;ASSAI - 25
1070313;09/10/2026;ASSAI - 81
1070316;08/10/2026;ASSAI - 86
1070317;05/10/2026;ASSAI - 349
1070325;02/10/2026;REAL CESTAS
1070364;30/09/2026;TRIMAIS FURNAS
1070371;29/09/2026;MERCADO CABRAL COUTINHO
1070373;29/09/2026;MERCADO PYRAMIDS
1070721;30/09/2026;DON SUPERMERCADOS - 02
1070723;02/10/2026;M CLOSET COMERCIAL
1070859;30/09/2026;DON SUPERMERCADOS - 02
1070861;30/09/2026;DON SUPERMERCADOS - 02
1070864;29/09/2026;EMD MERCADO E PADARIA
1070868;30/09/2026;AYUMI - 16
1070869;30/09/2026;SUPERMERCADO BATISTINI
1070873;30/09/2026;SUPERMERCADO DOS CASA
1070874;30/09/2026;AYUMI - 16
1070890;01/10/2026;SONDA - CD
1070896;30/09/2026;SUPERMERCADO FRADE - BARRA VELHA
1070897;30/09/2026;SUPERMERCADO DO FRADE
1070898;01/10/2026;SUCOS E  CIA FRUTTI TIETE
1070907;01/10/2026;SEMPRE TEM SAO PEDRO DA ALDEIA
1070908;02/10/2026;COMPRE FACIL
1070921;01/10/2026;SENDAS DISTRIBUIDORA 915 - CD CAJAMAR
1070923;30/09/2026;TAPUIO ECOLOGICO MERCADO ORGANICO E NATURAL
1070924;30/09/2026;OSVALDO PERIM - CONDURU
1070925;01/10/2026;FAST NUTRI - LJ 01
1070927;01/10/2026;COUTINHO EXTRABOM - CIVIT I
1070930;16/10/2026;SENDAS DISTRIBUIDORA 915 - CD CAJAMAR
1070931;15/10/2026;SENDAS DISTRIBUIDORA 915 - CD CAJAMAR
1070932;15/10/2026;SENDAS DISTRIBUIDORA 915 - CD CAJAMAR
1070934;01/10/2026;SEMPRE TEM SERRA - JLIMOEIRO
1070943;01/10/2026;PAO DE ACUCAR - SP
1070944;01/10/2026;EMPORIO FRUTI
1070945;30/09/2026;CASAFRUTI - DAS AMERICAS
1070947;01/10/2026;CARONE COQUEIRAL
1070958;01/10/2026;PP COMERCIO
1070959;01/10/2026;BEM ESTAR
1070964;30/09/2026;COMERCIAL SOUZA ATACADISTA DE ALIMENTOS
1070972;30/09/2026;COMERCIAL SOUZA ATACADISTA DE ALIMENTOS
1070992;30/09/2026;COMPREMIX COMERCIO DE PRODUTOS
1070998;29/09/2026;BOIZAO - CANTINHO DO CEU
1071005;29/09/2026;BOIZAO - JEQUIRITUBA
1071011;02/10/2026;BOI LEGAL - SANTA CECILIA
1071012;01/10/2026;ME MARKET
1071013;01/10/2026;ME MARKET
1071014;02/10/2026;SUPERMERCADO ESTADOS UNIDOS
1071015;02/10/2026;SUPERMERCADO ESTADOS UNIDOS
1071019;30/09/2026;LOURENCINI - LJ 07
1071022;30/09/2026;LOURENCINI - LJ 08
1071031;05/10/2026;B5 COMERCIO
1071032;01/10/2026;B5 COMERCIO
1071033;01/10/2026;SM ROBERTO
1071034;01/10/2026;SM ROBERTO
1071036;02/10/2026;COMPRE FACIL
1071037;30/09/2026;SUPERMERCADO IQUEGAMI - CD
1071043;30/09/2026;SUPERMERCADO IQUEGAMI - CD
1071044;02/10/2026;COMPRE FACIL
1071049;30/09/2026;SM MARCON - LARANJAL
1071087;01/10/2026;EMPORIO MEGA 100
1071089;30/09/2026;LOURENCINI - LJ 08
1071090;01/10/2026;RENATO SANTO MICHELMANN
1071091;30/09/2026;LOURENCINI - LJ 09
1071094;02/10/2026;GIRUS MERCANTIL
1071096;01/10/2026;COMPREMIX COMERCIO DE PRODUTOS
1071098;01/10/2026;GIRUS MERCANTIL
1071099;01/10/2026;SUPERMERCADO BAHAMAS - CD JF
1071102;30/09/2026;MINASFRIOS - 01
1071103;30/09/2026;DAOLIO - LJ 01
1071104;01/10/2026;CARREFOUR MERCEARIA
1071109;30/09/2026;LOURENCINI - LJ 07
1071115;30/09/2026;SANZITO SUPERMERCADO - LOJA 2
1071116;30/09/2026;LOURENCINI - LJ 09
1071117;30/09/2026;LOURENCINI - LJ 08
1071120;01/10/2026;KRILL - MATRIZ
1071122;01/10/2026;ATACADAO 65
1071123;30/09/2026;LOURENCINI - LJ 10
1071126;30/09/2026;AYUMI - 16
1071127;30/09/2026;AYUMI - 16
1071128;30/09/2026;AYUMI - 16
1071131;01/10/2026;ATACADAO 67
1071133;30/09/2026;SUPERMERCADO BEMBOM - 02
1071134;30/09/2026;LOURENCINI - LJ 03
1071135;30/09/2026;LOURENCINI - LJ 02
1071136;30/09/2026;LOURENCINI - LJ 01
1071139;02/10/2026;FALCON DOCES
1071140;01/10/2026;ATACADAO - CAXIAS
1071142;01/10/2026;CIA DO WIISKY
1071144;01/10/2026;ATACADAO 136
1071145;01/10/2026;FALCON DOCES
1071146;30/09/2026;LOURENCINI - LJ 10
1071147;30/09/2026;LOURENCINI - LJ 07
1071149;01/10/2026;ATACADAO - SAO GONCALO
1071151;01/10/2026;CIA DO WIISKY
1071153;01/10/2026;FALCON DOCES
1071154;02/10/2026;VILLA BORGHESE - VILA MATIAS
1071155;30/09/2026;LOURENCINI - LJ 06
1071156;01/10/2026;ATACADAO 259
1071157;01/10/2026;ATACADAO - JACAREPAGUA
1071158;30/09/2026;LOURENCINI - LJ 05
1071159;30/09/2026;LOURENCINI - LJ 04
1071160;30/09/2026;SUPERMERCADO ECOLAND
1071162;01/10/2026;ATACADAO - RIO DAS OSTRAS
1071165;30/09/2026;DISTRIBUIDORA MARGARETE
1071167;01/10/2026;ATACADAO - DA BARRA
1071168;01/10/2026;ATACADAO - NOVA IGUACU 2
1071169;02/10/2026;J. SANTOS OLIVEIRA EIRELI
1071170;01/10/2026;ATACADAO - BELFORD ROXO
1071171;01/10/2026;ATACADAO - CABO FRIO
1071172;01/10/2026;ATACADAO - MARICA
1071173;01/10/2026;ATACADAO - CACHAMBI
1071174;06/10/2026;ATACADAO
1071176;30/09/2026;BENTEVENHA STORES
1071179;01/10/2026;IRMAOS ANDREAZZA - 39 CD
1071183;30/09/2026;N.D.M. - DISTRIBUIDO
1071185;30/09/2026;AMIGO BARATE
1071186;30/09/2026;FAMILIA II SUPERMERCADO
1071193;01/10/2026;HORTIFRUTI UNIAO - 02
1071194;01/10/2026;AVICOLA E MERCEARIA COLONIAL
1071197;01/10/2026;BENTEVENHA STORES
1071201;01/10/2026;ICERI & ICERI
1071209;30/09/2026;MRC SETTA
1071213;30/09/2026;TORO ARMAZENAGEM - CLUB DE CAMPO
1071217;30/09/2026;MERCADINHO ITAPIOCABA
1071218;01/10/2026;MRC SETTA
1071223;01/10/2026;SUPERMERCADO CHINA
1071224;01/10/2026;SUPERMERCADO ECOLAND
1071225;30/09/2026;TORO ARMAZENAGEM - CLUB DE CAMPO
1071227;30/09/2026;NOSSO LAR
1071229;30/09/2026;SUPERMERCADO BEMBOM - 02
1071231;01/10/2026;MINIMERCADOS LIMA
1071232;02/10/2026;KITY SUPERMERCADO
1071235;30/09/2026;SUPERMERCADO STUK - VILA ALPINA
1071238;01/10/2026;TENNESSEE - CUBATÃO 02
1071241;01/10/2026;SUPERMERCADO STUK - VILA ALPINA
1071244;01/10/2026;MERCADO IRMAOS FERNANDES
1071281;01/10/2026;AYUMI - 02
1071283;30/09/2026;AYUMI - 10
1071296;30/09/2026;AYUMI - 10
1071299;30/09/2026;AYUMI - 07
1071305;01/10/2026;AYUMI - 02
1071307;01/10/2026;COFESA - 10
1071327;01/10/2026;REIMBERG - EMBU GUACU
1071338;01/10/2026;MERCEARIA BIGA
1071341;01/10/2026;GOOD BOM - 15
1071342;01/10/2026;GOOD BOM - 14
1071344;01/10/2026;SUPERMERCADOS PARANÁ - MIKAIL
1071349;02/10/2026;SUPERMERCADOS PARANÁ - PARQUE PRIMAVERA
1071351;01/10/2026;SUPERMERCADOS PARANÁ - ITAPEVI
1071355;02/10/2026;PARANA SUPERMERCADOS - VILA ROMANOPOLIS
1071356;01/10/2026;SUPERMERCADO PARANÁ - JUNDIAPEBA
1071358;01/10/2026;MERCADO MAMAE - LJ 01
1071359;02/10/2026;VICALI PARATY - LJ 07
1071360;01/10/2026;RENATO SUPERMERCADO
1071477;30/09/2026;SUPERMERCADO PERIM
1071543;01/10/2026;MACEDO - LOJA 03
1071577;01/10/2026;REI DAS OFERTAS - VILA DALVA
1071585;30/09/2026;MERCADO TELES QUATRO
1071586;30/09/2026;MERCADO TELES QUATRO
1071587;30/09/2026;MERCADO PINHEIRO
1071590;02/10/2026;CENTRAL DE CARNES E HORTIFRUTI ALVORADA DA NACOES
1071591;01/10/2026;CENTRAL DE CARNES E HORTIFRUTI ALVORADA DA NACOES
1071594;01/10/2026;SUPERMERCADO KOMAPE
1071597;30/09/2026;NIWALLIN
1071598;30/09/2026;NIWALLIN
1071600;30/09/2026;SUPERMERCADO STUKT - RIBEIRÃO PIRES
1071605;02/10/2026;SUPERMERCADO KIYOMOTO
1071606;01/10/2026;SUPERMERCADO KIYOMOTO
1071607;01/10/2026;MERCADO PAZ E HARMONIA
1071608;02/10/2026;IVAN BARBOZA
1071609;01/10/2026;MARCOS GUERRERO SUPERMERCADO
1071610;01/10/2026;VICALI PARATY - LJ 07
1071611;01/10/2026;RENATO SUPERMERCADO
1071612;30/09/2026;MERCADO MAMAE - LJ 01
1071613;30/09/2026;MERCADO PAZ E HARMONIA
1071623;01/10/2026;SONDA - CD
1071741;30/09/2026;SUPERMERCADO STUKT - RIBEIRÃO PIRES
1071744;02/10/2026;COVABRA SUPERMERCADO - CD SUMARE
1071745;08/10/2026;COVABRA SUPERMERCADO - CD SUMARE
1071746;01/10/2026;CELEIRO MINIMERCADO
1071748;30/09/2026;ATACADISTA FORMENTON
1071749;30/09/2026;SUPERMERCADO SALINA - 04
1071783;01/10/2026;MERCADO BARBOSA
1071784;01/10/2026;MERCADO BARBOSA
1071785;01/10/2026;SM BIG PAUL
1071786;30/09/2026;SUPERMERCADO SALINA - 04
1071787;30/09/2026;SUPERMERCADO SALINA - 01
1071788;30/09/2026;ATACADISTA FORMENTON
1071789;30/09/2026;ATACADISTA FORMENTON
1071790;01/10/2026;SM BIG PAUL
1071792;01/10/2026;SM IDEAL
1071794;30/09/2026;GOOD BOM - 15
1071795;02/10/2026;BOM LUGAR LJ 45 - ARACOIABA
1071798;08/10/2026;DAKI - CD EMBU DAS ARTES
1071799;30/09/2026;FORMOSA - BELEM
1071807;02/10/2026;PADARIA PORTUGAL 2
1071808;30/09/2026;SONDA - CD
1071809;30/09/2026;SHOPPER COMERCIO ALIMENTICIO - OSASCO
1071841;01/10/2026;SUPERMERCADO HIK
1071842;30/09/2026;FORTE ALIANCA
1071843;30/09/2026;MERCADO E PADARIA CRUZ
1071846;30/09/2026;MERCEARIA VALVER
1071847;01/10/2026;AKAI KB MAGAZINE - TREZE DE MAIO
1071848;30/09/2026;MERCADO CARINHOSO E.B.D.M
1071849;01/10/2026;MERCADO CARINHOSO E.B.D.M
1071851;01/10/2026;SUPERMERCADO HIK
1071852;30/09/2026;MERCADO E PADARIA CRUZ
1071853;30/09/2026;DAVO SUPERMERCADOS - LOJA 13
1071855;30/09/2026;DAVO SUPERMERCADOS - LOJA 25
1071856;01/10/2026;DAVO SUPERMERCADOS - LOJA 28
1071858;30/09/2026;DIVALDO A ANTONELLI - L3
1071862;01/10/2026;DAVO SUPERMERCADOS - LOJA 02
1071863;30/09/2026;DAVO SUPERMERCADOS - LOJA 03
1071871;02/10/2026;DAKI - CD MG
1071875;30/09/2026;MERCADINHO SONGS
1071876;01/10/2026;MERCADINHO SONGS
1071877;30/09/2026;MURAGUCHI & CIA
1071878;30/09/2026;MURAGUCHI & CIA
1071879;01/10/2026;SACOLAO S JORGE - OSWALDO CRUZ
1071883;30/09/2026;BOMBONIERE E MERCADO CAMBUCI
1071884;30/09/2026;MAX VILA
1071885;02/10/2026;DOMICILI INDUSTRIA CESTA BASICA E NATAL
1071887;01/10/2026;MERCADINHO SANTA FÉ
1071888;01/10/2026;DISTRIBUIDORA MANFRIN
1071889;02/10/2026;DOMICILI INDUSTRIA CESTA BASICA E NATAL
1071891;02/10/2026;SUPERMERCADO FJ LTDA
1071892;30/09/2026;DIVALDO A ANTONELLI - L2
1071893;30/09/2026;DIVALDO A ANTONELLI - L3
1071894;30/09/2026;SHOPPER COMERCIO ALIMENTICIO - OSASCO
1071895;02/10/2026;DISTRIBUIDORA MANFRIN
1071898;02/10/2026;SHOPPER COMERCIO ALIMENTICIO - RIBEIRAO PRETO
1071899;30/09/2026;SHOPPER - CARANDIRU
1071900;01/10/2026;REAL MIX SUPERMERCADO
1071901;02/10/2026;CASAFRUTI - CD
1071902;02/10/2026;NOVA CENTRAL - CD
1071939;01/10/2026;MERCADO QUEIROZ
1071940;01/10/2026;ASSAI - 357
1071972;02/10/2026;VALDOMIRO SILVANES HAHN
1071973;01/10/2026;SUPERMERCADO JAPAO
1071977;30/09/2026;MERCADO IBICUAN
1071978;01/10/2026;MERCADINHO NILZA
1071981;30/09/2026;MORADA DE JUNDIAI
1071982;01/10/2026;RASGA PRECO
1071983;01/10/2026;SUPERMERCADO ARCO IRIS
1071985;01/10/2026;MERCADO MORELLI
1071986;30/09/2026;HORTIFRUTI DA ECONOMIA
1071987;30/09/2026;HORTIFRUTI DA ECONOMIA
1071990;05/10/2026;ATACADAO MS - LOJA 02
1071991;30/09/2026;BAR PEDACINHO DO NORDESTE
1071992;01/10/2026;SUPERMERCADO MIAMI
1071993;02/10/2026;SUPERMERCADO MIAMI
1071994;05/10/2026;ATACADAO MS - DOURADOS
1071997;05/10/2026;ATACADAO MS - SANTO ANTONIO
1071999;05/10/2026;ATACADAO MS - TRES LAGOS
1072000;30/09/2026;LOJAO VARGEM GRANDE
1072002;05/10/2026;ATACADAO MS - JD CENTENARIO
1072003;30/09/2026;MERCADO NEVES
1072004;01/10/2026;MERCADO NEVES
1072005;01/10/2026;MERCADINHO NEVES
1072006;02/10/2026;M & S SUPERMERCADO
1072007;02/10/2026;LATICINIOS MARCELO
1072008;02/10/2026;SUPERMERCADO MIAMI
1072009;01/10/2026;MORADA DE JUNDIAI
1072011;30/09/2026;SEMPRE TEM SERRA - JLIMOEIRO
1072016;01/10/2026;QUATRO IRMAOS SOUZA
1072017;30/09/2026;JOANIN  - MATRIZ
1072019;01/10/2026;PRATICO SUPERMERCADO - LJ 10
1072020;01/10/2026;PRATICO SUPERMERCADO - LJ 03
1072022;01/10/2026;PRATICO SUPERMERCADO - LJ 10
1072023;30/09/2026;HORTIFRUTI NOVA MIRANDOPOLIS
1072024;02/10/2026;SUPERMERCADO CENTRAL
1072025;01/10/2026;PRATICO SUPERMERCADO - LJ 06
1072027;01/10/2026;PRATICO SUPERMERCADO - LJ 03
1072028;01/10/2026;PRATICO SUPERMERCADO - LJ 02
1072029;01/10/2026;REDE OPA - SUPERMERCADO
1072030;01/10/2026;HORTI FRUTI JOSE NEVES
1072032;02/10/2026;HORTI FRUTI JOSE NEVES
1072033;01/10/2026;PRATICO SUPERMERCADO - LJ 10
1072034;01/10/2026;PRATICO SUPERMERCADO - LJ 06
1072035;01/10/2026;PRATICO SUPERMERCADO - LJ 03
1072036;01/10/2026;PRATICO SUPERMERCADO - LJ 02
1072037;02/10/2026;REDE OPA - SUPERMERCADO
1072039;30/09/2026;MERCADINHO BOM PRECO
1072040;01/10/2026;VIOLETA - 08
1072041;01/10/2026;REDE X - 01
1072048;01/10/2026;VIOLETA - 07
1072052;02/10/2026;MCGROW SUPERMERCADO
1072054;01/10/2026;HOKIM SUPERMERCADO
1072059;01/10/2026;VIOLETA - 02
1072063;01/10/2026;VIOLETA - 04
1072066;01/10/2026;SACOLAO S JORGE - SACOLAO BOM PASTOR
1072067;01/10/2026;SACOLAO S JORGE - S CAETANO DO SUL
1072070;01/10/2026;SACOLAO S JORGE - OSWALDO CRUZ
1072071;02/10/2026;SACOLAO S JORGE - SUPER BOM
1072074;30/09/2026;A A Z COMERCIO
1072085;01/10/2026;VIOLETA - 02
1072088;01/10/2026;SACOLAO S JORGE - SUPER BOM
1072097;02/10/2026;ESPERANCA - 06
1072098;01/10/2026;REDE X - 22
1072099;01/10/2026;REDE X - 22
1072100;02/10/2026;ESPERANCA - 05
1072101;01/10/2026;REDE X - 19
1072107;02/10/2026;ESPERANCA - 10
1072108;01/10/2026;REIMBERG - PERSONAL GARDEN
1072109;01/10/2026;REIMBERG - PERSONAL GARDEN
1072114;01/10/2026;REIMBERG - EMBU GUACU
1072115;01/10/2026;REIMBERG - EMBU GUACU
1072119;02/10/2026;SACOLAO S JORGE - MAUA
1072120;02/10/2026;ESPERANCA - 08
1072122;01/10/2026;SUPERMERCADO QUALYMAX
1072123;02/10/2026;ESPERANCA - 14
1072125;02/10/2026;ESPERANCA - 13
1072127;01/10/2026;SACOLAO S JORGE - TEOTONIO VILELA
1072128;02/10/2026;SACOLAO S JORGE - VILA MADALENA
1072130;02/10/2026;MERCADO PLANALTO - VILA SAO PAULO
1072133;02/10/2026;SACOLAO S JORGE - SACOLAO STA CATARINA
1072134;01/10/2026;SJX - SACOLAO S JORGE CIDADE DUTRA
1072135;01/10/2026;VIOLETA - 03
1072138;01/10/2026;REIMBERG - JEQUIRITUBA
1072139;01/10/2026;REIMBERG - JEQUIRITUBA
1072146;02/10/2026;ESPERANCA - 18
1072151;01/10/2026;HOKIM SUPERMERCADO
1072153;01/10/2026;SUPERMERCADO PICCIN
1072154;02/10/2026;ESPERANCA  - 21
1072155;02/10/2026;ESPERANCA - 20
1072157;30/09/2026;MCGROW SUPERMERCADO
1072162;01/10/2026;BEM BARATO - 34
1072163;01/10/2026;BEM BARATO - 33
1072164;01/10/2026;BEM BARATO - 32
1072165;01/10/2026;BEM BARATO - 21
1072166;02/10/2026;BEM BARATO - 22
1072167;01/10/2026;BEM BARATO - 24
1072169;01/10/2026;BEM BARATO - 31
1072171;01/10/2026;BEM BARATO - 26
1072172;02/10/2026;BEM BARATO - 10
1072173;05/10/2026;BEM BARATO - 01
1072174;01/10/2026;BEM BARATO - 23
1072175;01/10/2026;BEM BARATO - 16
1072178;01/10/2026;BEM BARATO - 05
1072179;01/10/2026;BEM BARATO - 18
1072180;02/10/2026;BEM BARATO - 03
1072181;01/10/2026;BEM BARATO - 30
1072182;01/10/2026;BEM BARATO - 15
1072183;01/10/2026;BEM BARATO - 28
1072184;02/10/2026;BEM BARATO - 25
1072185;02/10/2026;ESPERANCA - 23
1072186;01/10/2026;BEM BARATO - 35
1072187;01/10/2026;ESPERANCA - 22
1072188;01/10/2026;BEM BARATO - 17
1072190;02/10/2026;BEM BARATO - 29
1072192;02/10/2026;SHA ALIMENTOS
1072195;01/10/2026;BEM BARATO - 06
1072196;02/10/2026;BEM BARATO - 07
1072197;02/10/2026;BEM BARATO - 11
1072198;01/10/2026;BEM BARATO - 14
1072199;02/10/2026;MERCADO PLANALTO - VILA PAULISTA
1072201;01/10/2026;ESPERANCA - 24
1072207;02/10/2026;MERCADO PLANALTO - VILA PAULISTA
1072208;02/10/2026;MERCADO PLANALTO - CONJUNTO RESIDENCIAL SANTO
1072216;01/10/2026;MERCADO PLANALTO - VILA SAO PAULO
1072217;02/10/2026;MIAMI
1072236;02/10/2026;CANTINA ESCOLAR NOVA GERACAO
1072237;02/10/2026;CANTINA ESCOLAR NOVA GERACAO
1072238;30/09/2026;BOM LUGAR - SUP VOTORANTIM
1072240;02/10/2026;MINIMERCADO CAGLIARI
1072241;01/10/2026;ESTALECAS DO 1 REAL
1072242;01/10/2026;ESTALECAS DO 1 REAL
1072245;02/10/2026;SUPERMERCADO MIAMI
1072246;01/10/2026;GOTRADE DISTRIBUIDORA DE BEBIDAS
1072247;02/10/2026;SM CAMPOS LOJA 1
1072248;01/10/2026;NARA ESPETINHO
1072249;01/10/2026;MERCADO NOSSA CASA
1072250;01/10/2026;MERCADO MARISTELA
1072251;01/10/2026;MERCADO MARISTELA
1072252;02/10/2026;MERCADO LILIAN E LIDIA
1072253;02/10/2026;SM CAMPOS LOJA 2
1072254;02/10/2026;SM CAMPOS LOJA 1
1072257;01/10/2026;ESPERANCA - 23
1072258;02/10/2026;ESPERANCA - 17
1072260;01/10/2026;ESPERANCA - 20
1072261;02/10/2026;MERCADO DOM BOSCO
1072262;01/10/2026;MERCADO KATUCHA - VILA MATILDE
1072263;02/10/2026;MERCADINHO NIPPO - 02
1072265;02/10/2026;MINIMERCADO MONTE
1072266;01/10/2026;PEDREIRA - 930 CD
1072270;01/10/2026;MACEDO - LOJA 01
1072302;02/10/2026;DALBEN - TAQUARAL
1072335;02/10/2026;DALBEN - TAQUARAL
1072401;02/10/2026;DALBEN - BARAO
1072434;02/10/2026;DALBEN - MANSOES
1072435;02/10/2026;DALBEN - MANSOES
1072436;02/10/2026;ARMAZEM RS
1072467;02/10/2026;DALBEN - VALINHOS
1072500;01/10/2026;SUPERMERCADO PONTE GRANDE
1072501;02/10/2026;DALBEN - VALINHOS
1072533;02/10/2026;SUPERMERCADO REVOLUCAO -  LJ 01
1072566;02/10/2026;SUPERMERCADO REVOLUCAO - LJ 02
1072567;02/10/2026;SUPERMERCADO REVOLUCAO - LJ 03
1072568;02/10/2026;SUPERMERCADO REVOLUCAO - LJ 03
1072569;02/10/2026;SUPERMERCADO REVOLUCAO - LJ 04
1072599;02/10/2026;SUPERMERCADO REVOLUCAO - LJ 05
1072600;02/10/2026;SUPERMERCADO REVOLUCAO - LJ 05
1072601;02/10/2026;SUPERMERCADO REVOLUCAO - LJ 06
1072665;02/10/2026;TARDELLI - VILA MARTINHO
1072666;01/10/2026;TARDELLI - VILA MARTINHO
1072698;01/10/2026;VALTER PINHEIRO
1072731;02/10/2026;TENNESSEE - PREMIUM ALIMENTOS
1072732;02/10/2026;REIS SUPERMERCADOS
1072738;01/10/2026;SUPERMERCADO PONTE GRANDE
1072739;02/10/2026;ARMAZEM RS
1072740;02/10/2026;MINI MERCADO HAGAPE
1072741;02/10/2026;MINIMERCADO MONTE
1072743;02/10/2026;MERCADINHO NIPPO
1072744;08/10/2026;BONZAY - CB
1072745;01/10/2026;BONZAY - CB
1072747;01/10/2026;SACOLAO S JORGE - OSWALDO CRUZ
1072748;01/10/2026;SJX - SACOLAO S JORGE CIDADE DUTRA
1072749;02/10/2026;SACOLAO S JORGE - VILA MADALENA
1072750;02/10/2026;SACOLAO S JORGE - MAUA
1072751;02/10/2026;SACOLAO S JORGE - HORTIFRUTI QUEIROZ FILHO
1072752;02/10/2026;SACOLAO S JORGE - SACOLAO STA CATARINA
1072753;01/10/2026;SACOLAO S JORGE - SACOLAO BOM PASTOR
1072754;01/10/2026;SACOLAO S JORGE - TEOTONIO VILELA
1072755;02/10/2026;SACOLAO S JORGE - SUPER BOM
1072756;01/10/2026;PARATODOS
1072757;01/10/2026;SUPERMERCADOS RECANTO DA ECONOMIA
1072758;01/10/2026;MINI MERCADO HAGAPE
1072759;02/10/2026;MERCADO DOM BOSCO
1072760;01/10/2026;MERCADO E DISTRIBUIDORA BRILHANTE
1072761;02/10/2026;MERCADO LILIAN E LIDIA
1072762;01/10/2026;MERCADO NOSSA CASA
1072764;02/10/2026;GENUINO
1072765;02/10/2026;MAX CAMARO MINIMERCADO
1072767;02/10/2026;BEM BARATO - 10
1072768;02/10/2026;BEM BARATO - 11
1072769;01/10/2026;BEM BARATO - 18
1072773;01/10/2026;BEM BARATO - 31
1072774;02/10/2026;BEM BARATO - 03
1072776;01/10/2026;BEM BARATO - 05
1072777;01/10/2026;BEM BARATO - 16
1072778;02/10/2026;BEM BARATO - 25
1072779;01/10/2026;BEM BARATO - 26
1072780;02/10/2026;BEM BARATO - 22
1072781;01/10/2026;BEM BARATO - 33
1072783;30/09/2026;BEM BARATO - 01
1072784;01/10/2026;BEM BARATO - 06
1072785;02/10/2026;BEM BARATO - 07
1072786;01/10/2026;BEM BARATO - 30
1072787;30/09/2026;BEM BARATO - 36
1072788;02/10/2026;BEM BARATO - 29
1072789;01/10/2026;BEM BARATO - 28
1072791;01/10/2026;BEM BARATO - 24
1072792;01/10/2026;BEM BARATO - 23
1072793;01/10/2026;BEM BARATO - 21
1072794;01/10/2026;BEM BARATO - 34
1072795;01/10/2026;BEM BARATO - 35
1072796;02/10/2026;PUBLIC - 13  NOVO
1072797;01/10/2026;BEM BARATO - 14
1072798;01/10/2026;BEM BARATO - 15
1072799;01/10/2026;BEM BARATO - 17
1072830;01/10/2026;DISTRIBUIDORA PRATA
1072867;02/10/2026;CASA NEGREIROS - ITAQUERA
1072873;02/10/2026;CASA NEGREIROS - TIRADENTES - TRIALBA
1072874;02/10/2026;SUPERMERCADO NOVO JAN 2
1072876;01/10/2026;SUPERMERCADO  TALISMA DE SAO VICENTE - LJ 25
1072882;02/10/2026;TRIALBA - PONTE RASA
1072883;02/10/2026;TRIALBA - RENATA
1072884;02/10/2026;FARID - CD
1072888;02/10/2026;TRIALBA NEGREIROS - LJ 09
1072889;02/10/2026;TRIALBA - VILA NOVA
1072898;01/10/2026;SUPERMERCADO XODO - CENTRO
1073024;01/10/2026;REDE DUQUE - AEROPORTO
1073033;01/10/2026;AUTO SERVICOS ROCAR
1073034;01/10/2026;AUTO SERVICOS ROCAR
1073051;02/10/2026;SANTA MARIA VARIEDADES
1073053;30/09/2026;BERGAMINI - JACANA
1073058;02/10/2026;PIRUETA - LJ 03
1073059;02/10/2026;DALBEN - TAQUARAL
1073060;02/10/2026;SUPERMERCADO OURINHOS
1073062;02/10/2026;DALBEN - MANSOES
1073063;02/10/2026;PIRUETA - LJ 04
1073064;02/10/2026;DALBEN - BARAO
1073066;02/10/2026;GOOD BOM - 16
1073067;02/10/2026;GOOD BOM - 13
1073068;02/10/2026;PIRUETA - LJ 08
1073070;02/10/2026;DALBEN - VALINHOS
1073073;01/10/2026;PIRUETA - LJ 10
1073094;02/10/2026;SUPERMERCADO OURINHOS
1073095;01/10/2026;BERGAMINI - EDU CHAVES
1073096;02/10/2026;BERGAMINI - JACANA
1073100;01/10/2026;DECIO FERRAZ JUNIOR
1073101;02/10/2026;LV PRIME DISTRIBUIDORA
1073103;01/10/2026;MAIS DISTRIBUIDORA
1073104;02/10/2026;GOOD BOM - 13
1073105;30/09/2026;MERCADO SAO JUDAS TADEU - VILA SANTA MADALENA
1073106;01/10/2026;COVABRA SUPERMERCADO - CD SUMARE
1073107;01/10/2026;MERCADO SAO JUDAS TADEU - VILA SANTA MADALENA
1073111;01/10/2026;SUPERMERCADO SAO PEDRO
1073112;02/10/2026;SUPERMERCADOS J L - LJ 02
1073113;02/10/2026;SUPERMERCADO REVOLUCAO - LJ 04
1073114;02/10/2026;SUPERMERCADO REVOLUCAO - LJ 06
1073115;02/10/2026;SUPERMERCADO REVOLUCAO - LJ 03
1073116;02/10/2026;SM CAMPOS LOJA 2
1073117;02/10/2026;SM CAMPOS LOJA 1
1073119;01/10/2026;COMERCIAL ROCHA
1073120;02/10/2026;TAPIOCA VERDE - VILA PIRAJUSSARA
1073129;02/10/2026;MINIMERCADO E SACOLAO OSHIRO
1073130;01/10/2026;TENNESSEE - PADRE ARLINDO VIEIRA
1073132;02/10/2026;PALADAR SUPER MERCADO - CENTRO
1073133;01/10/2026;PALADAR SUPER MERCADO - CENTRO
1073134;01/10/2026;MERCADO DO MINEIRO
1073135;01/10/2026;MERCADO DO MINEIRO
1073136;02/10/2026;TENNESSEE - PADRE ARLINDO VIEIRA
1073141;30/09/2026;KRILL - MATRIZ
1073142;02/10/2026;ASSAI - 14
1073148;02/10/2026;CD MUFFATO - MIRASSOL
1073153;02/10/2026;ASSAI - 18
1073172;02/10/2026;ASSAI - 64
1073173;02/10/2026;JF DOCES E BEBIDAS
1073177;02/10/2026;HIGA PRODUTOS - CAMPINAS
1073187;01/10/2026;HIGA PRODUTOS  - LOJA 07
1073191;02/10/2026;KI JOIA CESTA DE ALIMENTACAO
1073194;02/10/2026;HIGA PRODUTOS - SOROCABA
1073196;02/10/2026;JOSE SOARES
1073203;02/10/2026;DALBEN - MANSOES
1073206;02/10/2026;DALBEN - VALINHOS
1073208;02/10/2026;MERCADINHO LESSA
1073210;02/10/2026;DALBEN - BARAO
1073211;02/10/2026;DALBEN - TAQUARAL
1073216;02/10/2026;ASSAI - 144
1073217;01/10/2026;ABC - ADICAO CD DIVINOPOLIS
1073219;02/10/2026;SUPERMERCADO SAO PEDRO
1073222;02/10/2026;SUPERMERCADOS MUNDIAL - CD
1073228;01/10/2026;SANTA MARIA VARIEDADES
1073231;02/10/2026;ASSAI - 156
1073238;02/10/2026;ASSAI - 244
1073249;02/10/2026;ASSAI - 270
1073255;01/10/2026;DA GRANJA SUPERMERCADO
1073258;01/10/2026;ASSAI 281
1073262;02/10/2026;ASSAI - 276
1073264;02/10/2026;ASSAI - 313
1073266;02/10/2026;ASSAI - 303
1073274;02/10/2026;SO OFERTAS - LJ 06
1073278;02/10/2026;ASSAI  - 339
1073279;02/10/2026;ASSAI - 336
1073280;02/10/2026;SO OFERTAS - LJ 03
1073281;02/10/2026;ASSAI - 326
1073285;02/10/2026;DA TERRINHA - FILIAL SP
1073286;01/10/2026;MINI PRECO - HUMAITA
1073287;02/10/2026;ELISIO - LJ 02
1073288;02/10/2026;SUPERMERCADO BOM
1073290;01/10/2026;SUPERMERCADO MONTE BELO
1073295;02/10/2026;MINI PRECO - RIO BRANCO
1073296;02/10/2026;SO OFERTAS - LJ 08
1073298;02/10/2026;ASSAI - 178
1073305;02/10/2026;M MURAKAMI
1073308;02/10/2026;FAMILIA -  LJ 01
1073309;02/10/2026;FAMILIA -  LJ 01
1073311;02/10/2026;SO OFERTAS - LJ 10
1073318;02/10/2026;SO OFERTAS - JACARE
1073321;02/10/2026;SUPERMERCADO NOVA VIDA INDAIATUBA
1073322;02/10/2026;MINI PRECO - HUMAITA
1073323;02/10/2026;MINI PRECO - RIO BRANCO
1073324;02/10/2026;MINI PRECO - HUMAITA
1073325;02/10/2026;SUPERMERCADO BOM
1073333;02/10/2026;SO OFERTAS - LJ 05
1073335;30/09/2026;SANTA MARIA VARIEDADES
1073340;02/10/2026;SUPERMERCADO DLA
1073341;02/10/2026;CASA DELIZA
1073342;01/10/2026;SO OFERTAS - LJ 11
1073343;30/09/2026;SUPERMERCADO BARCELONA - SAO PAULO
1073344;02/10/2026;NORDESTAO DO LITORAL
1073346;01/10/2026;SO OFERTAS - LJ 16
1073347;02/10/2026;NORDESTAO DO LITORAL
1073348;02/10/2026;MERCADO DO CHICO
1073349;02/10/2026;SUPERMERCADO DLA
1073351;02/10/2026;MERCADO DO CHICO
Total;30/09/2026;VILA ZAIRA - BROOKLIN