Data Emissao;Grupo Economico;Cliente;Numero Pedido;Valor Pedido;Pedidos Em Aberto;Qtde Pedido;Preco Pedido;Data Agendamento
19/08/2026;ARMAZEM MATEUS;ARMAZEM MATEUS S A - CD DAVINOPOLIS;1051983;139986;1;3333;42;Sem Roteiro
19/08/2026;ARMAZEM MATEUS;ARMAZEM MATEUS S A - CD PEDRINHAS;1051988;139986;1;3333;42;Aguardando Agendamento
20/08/2026;MUFFATO - CD;CD MUFFATO - MIRASSOL;1052406;6942.48;1;64;108.47625;Aguardando Agendamento
27/08/2026;ASSAI - SP LOJAS;ASSAI - 121;1056178;23441.72;1;231;101.4793073593;21/08/2026
27/08/2026;ASSAI - SP LOJAS;ASSAI - 130;1056186;40010.4;1;413;96.8774818402;29/10/2026
31/08/2026;ASSAI - SP LOJAS;ASSAI - 121;1057166;2085;1;25;83.4;07/10/2026
31/08/2026;ASSAI - SP LOJAS;ASSAI - 130;1057173;1701;1;20;85.05;29/10/2026
31/08/2026;ASSAI - SP LOJAS;ASSAI - 165;1057251;3349.8;1;70;47.8542857143;07/10/2026
31/08/2026;ASSAI - SP LOJAS;ASSAI - 165;1057592;231;1;5;46.2;01/10/2026
31/08/2026;ASSAI - SP LOJAS;ASSAI - 165;1057658;2320;1;40;58;01/10/2026
31/08/2026;ASSAI - SP LOJAS;ASSAI - 17;1057242;1293.6;1;35;36.96;01/10/2026
01/09/2026;ASSAI - SP LOJAS;ASSAI - 270;1057983;2256;1;10;225.6;Aguardando Agendamento
01/09/2026;PLATLOG (MANIA CHURRASCO);COMFRIO NOVO CD MANIA DE CHURRASCO;1058283;5868;1;60;97.8;Entrega Direta
03/09/2026;ATACADAO -  SP CD;CD JACAREI - LJ 183;1059389;122400;1;1200;102;06/10/2026
03/09/2026;ATACADAO - SP LOJAS;ATACADAO BARUERI - LJ 655;1059379;63516.36;1;786;80.8096183206;03/10/2026
03/09/2026;ATACADAO - SP LOJAS;ATACADAO SAO J RIO PRETO AMERICA - LJ 949;1059390;60387.83;1;905;66.7268839779;09/10/2026
04/09/2026;ATACADAO - SP LOJAS;ATACADAO GUARULHOS AEROPORTO - LJ 617;1059747;66438;1;743;89.4185733513;01/10/2026
04/09/2026;ATACADAO - SP LOJAS;ATACADAO MAUA JOAO RAMALHO - LJ 676;1059727;74955.6;1;906;82.7324503311;05/10/2026
04/09/2026;ATACADAO - SP LOJAS;ATACADAO SANTO ANDRE CENTRO - LJ 615;1059684;90267.54;1;1233;73.2096836983;01/10/2026
04/09/2026;ATACADAO - SP LOJAS;ATACADAO SAO J RIO PRETO FALAVINA - LJ 944;1059696;63546.64;1;833;76.286482593;01/10/2026
09/09/2026;ATACADAO -  SP CD;CD JACAREI - LJ 183;1061661;96969.6;1;1092;88.8;07/10/2026
09/09/2026;ATACADAO -  SP CD;CD JACAREI - LJ 183;1061663;117129.6;1;2058;56.9142857143;01/10/2026
09/09/2026;ATACADAO -  SP CD;CD JACAREI - LJ 183;1061668;123091.2;1;2976;41.3612903226;01/10/2026
09/09/2026;ATACADAO -  SP CD;CD JACAREI - LJ 183;1061677;47001.6;1;576;81.6;02/10/2026
09/09/2026;OXXO - CD;OXXO - CAJAMAR;1061656;20247.6;1;190;106.5663157895;02/10/2026
10/09/2026;ATACADAO -  SP CD;CD JACAREI - LJ 183;1062211;159120;1;1560;102;Aguardando Agendamento
11/09/2026;HIROTA - CD;HIROTA EXPRESS - CD 98;1062999;25800;1;300;86;03/10/2026
11/09/2026;HIROTA - CD;HIROTA EXPRESS - CD CEAGESP;1062997;30960;1;360;86;01/10/2026
11/09/2026;OXXO - CD;OXXO - CAJAMAR;1063129;50237.7;1;400;125.59425;01/10/2026
15/09/2026;AACD;AACD;1064440;2798.788;1;46;60.8432173913;20/10/2026
15/09/2026;CARREFOUR;CARREFOUR MERCEARIA;1064396;41005;1;556;73.75;07/10/2026
16/09/2026;MUNDIAL;SUPERMERCADOS MUNDIAL - CD;1065364;31560;1;250;126.24;Aguardando Agendamento
22/09/2026;ASSAI - RJ CD;ASSAI  - CD PACIENCIA;1067977;128880;1;1200;107.4;01/10/2026
22/09/2026;ASSAI - RJ CD;ASSAI  - CD PACIENCIA;1068098;152880;1;1400;109.2;08/10/2026
22/09/2026;ASSAI - RJ CD;ASSAI  - CD PACIENCIA;1068099;147840;1;1400;105.6;08/10/2026
22/09/2026;ASSAI - SP LOJAS;ASSAI - 12;1068467;20033.2;1;187;107.1294117647;08/10/2026
22/09/2026;ASSAI - SP LOJAS;ASSAI - 121;1068482;24419.84;1;231;105.7135930736;14/10/2026
22/09/2026;ASSAI - SP LOJAS;ASSAI - 130;1068485;32476.4;1;332;97.8204819277;06/10/2026
22/09/2026;ASSAI - SP LOJAS;ASSAI - 154;1068477;35912.8;1;356;100.8786516854;28/10/2026
22/09/2026;ASSAI - SP LOJAS;ASSAI - 167;1068469;32054.96;1;315;101.7617777778;16/10/2026
22/09/2026;ASSAI - SP LOJAS;ASSAI - 168;1068474;33442.76;1;362;92.3833149171;20/10/2026
22/09/2026;ASSAI - SP LOJAS;ASSAI - 173;1068491;64961.16;1;599;108.4493489149;20/10/2026
22/09/2026;ASSAI - SP LOJAS;ASSAI - 174;1068490;8924.24;1;90;99.1582222222;22/10/2026
22/09/2026;ASSAI - SP LOJAS;ASSAI - 178;1068472;47139.28;1;507;92.9768836292;22/10/2026
22/09/2026;ASSAI - SP LOJAS;ASSAI - 200;1068492;59819.4;1;627;95.4057416268;19/10/2026
22/09/2026;ASSAI - SP LOJAS;ASSAI - 21;1068476;12006;1;119;100.8907563025;09/10/2026
22/09/2026;ASSAI - SP LOJAS;ASSAI - 237;1068468;30208.8;1;291;103.8103092784;17/10/2026
22/09/2026;ASSAI - SP LOJAS;ASSAI - 24;1068501;22651.24;1;233;97.2156223176;14/10/2026
22/09/2026;ASSAI - SP LOJAS;ASSAI - 244;1068479;44779.8;1;461;97.1362255965;20/10/2026
22/09/2026;ASSAI - SP LOJAS;ASSAI - 246;1068500;24972.28;1;236;105.8147457627;09/10/2026
22/09/2026;ASSAI - SP LOJAS;ASSAI - 25;1068493;12575.92;1;142;88.5628169014;06/10/2026
22/09/2026;ASSAI - SP LOJAS;ASSAI - 263;1068489;33479.16;1;311;107.6500321543;14/10/2026
22/09/2026;ASSAI - SP LOJAS;ASSAI - 267;1068487;41965.28;1;408;102.8560784314;06/10/2026
22/09/2026;ASSAI - SP LOJAS;ASSAI - 295 ITATIBA;1068480;16661.6;1;162;102.849382716;08/10/2026
22/09/2026;ASSAI - SP LOJAS;ASSAI - 303;1068484;50192.04;1;477;105.2244025157;10/10/2026
22/09/2026;ASSAI - SP LOJAS;ASSAI - 312;1068481;50559.04;1;532;95.0357894737;14/10/2026
22/09/2026;ASSAI - SP LOJAS;ASSAI - 351;1068494;15259.2;1;147;103.8040816327;13/10/2026
22/09/2026;ASSAI - SP LOJAS;ASSAI - 39;1068486;55730;1;520;107.1730769231;05/10/2026
22/09/2026;ASSAI - SP LOJAS;ASSAI - 50;1068495;16754.88;1;169;99.1413017751;16/10/2026
22/09/2026;ASSAI - SP LOJAS;ASSAI 281;1068497;27572.88;1;291;94.7521649485;15/10/2026
22/09/2026;ASSAI - SP LOJAS;ASSAI 354;1068470;16991.8;1;175;97.096;14/10/2026
22/09/2026;BARBOSA;BARBOSA - 01;1067927;5506.46;1;86;64.0286046512;05/10/2026
22/09/2026;BARBOSA;BARBOSA - 36;1067953;2280.48;1;37;61.6345945946;Aguardando Agendamento
22/09/2026;BARBOSA;BARBOSA - 43;1067960;5623.26;1;80;70.29075;Aguardando Agendamento
22/09/2026;CENTRO DE DISTRIBUICAO BUTANTA;CENTRO DE DISTRIBUICAO BUTANTA;1068502;12384;1;120;103.2;Aguardando Agendamento
22/09/2026;COOP - CD;COOP - CD SAO BERNADO;1068425;64353.1;1;574;112.1134146341;01/10/2026
22/09/2026;COOP - CD;COOP - CD SAO BERNADO;1068426;23428.19;1;350;66.9376857143;01/10/2026
22/09/2026;DAKI - CD;DAKI - CD EMBU DAS ARTES;1068464;15923.16;1;142;112.1349295775;01/10/2026
22/09/2026;SUPER NOSSO;COMERCIAL DAHANA - CAMPINA VERDE;1068585;71330.4;1;620;115.0490322581;01/10/2026
22/09/2026;SUPER NOSSO;COMERCIAL DAHANA - CAMPINA VERDE;1068587;5886;1;45;130.8;05/10/2026
23/09/2026;ASSAI - SP CD;SENDAS DISTRIBUIDORA 915 - CD CAJAMAR;1069133;28420;1;490;58;05/10/2026
23/09/2026;ASSAI - SP LOJAS;ASSAI  - 339;1069145;98192.53;1;1060;92.6344622642;06/10/2026
23/09/2026;ASSAI - SP LOJAS;ASSAI  - 339;1069187;2991;1;45;66.4666666667;05/10/2026
23/09/2026;ASSAI - SP LOJAS;ASSAI  - 350;1069093;72278.99;1;828;87.2934661836;05/10/2026
23/09/2026;ASSAI - SP LOJAS;ASSAI  - 350;1069198;1251;1;15;83.4;03/10/2026
23/09/2026;ASSAI - SP LOJAS;ASSAI - 10;1069147;59082.45;1;637;92.7510989011;03/10/2026
23/09/2026;ASSAI - SP LOJAS;ASSAI - 10;1069213;1453.8;1;22;66.0818181818;09/10/2026
23/09/2026;ASSAI - SP LOJAS;ASSAI - 104;1069144;166774.64;1;1936;86.1439256198;09/10/2026
23/09/2026;ASSAI - SP LOJAS;ASSAI - 104;1069188;4731;1;75;63.08;13/10/2026
23/09/2026;ASSAI - SP LOJAS;ASSAI - 112;1069149;133028.56;1;1230;108.153300813;13/10/2026
23/09/2026;ASSAI - SP LOJAS;ASSAI - 112;1069189;1740;1;30;58;13/10/2026
23/09/2026;ASSAI - SP LOJAS;ASSAI - 123;1069100;51572.23;1;671;76.8587630402;13/10/2026
23/09/2026;ASSAI - SP LOJAS;ASSAI - 123;1069203;1251;1;15;83.4;15/10/2026
23/09/2026;ASSAI - SP LOJAS;ASSAI - 124;1069097;78378.63;1;1049;74.7174737846;15/10/2026
23/09/2026;ASSAI - SP LOJAS;ASSAI - 124;1069205;1251;1;15;83.4;13/10/2026
23/09/2026;ASSAI - SP LOJAS;ASSAI - 126;1069129;84650.25;1;976;86.7318135246;13/10/2026
23/09/2026;ASSAI - SP LOJAS;ASSAI - 126;1069176;1251;1;15;83.4;14/10/2026
23/09/2026;ASSAI - SP LOJAS;ASSAI - 127;1069153;44128.85;1;545;80.9703669725;14/10/2026
23/09/2026;ASSAI - SP LOJAS;ASSAI - 127;1069196;6145;1;95;64.6842105263;14/10/2026
23/09/2026;ASSAI - SP LOJAS;ASSAI  129 - VILA CASCATINHA;1069155;95644.16;1;1171;81.6773356106;14/10/2026
23/09/2026;ASSAI - SP LOJAS;ASSAI  129 - VILA CASCATINHA;1069193;2820.4;1;46;61.3130434783;15/10/2026
23/09/2026;ASSAI - SP LOJAS;ASSAI - 148;1069118;82697.72;1;976;84.7312704918;15/10/2026
23/09/2026;ASSAI - SP LOJAS;ASSAI - 151;1069102;77373.14;1;852;90.8135446009;14/10/2026
23/09/2026;ASSAI - SP LOJAS;ASSAI - 155;1069157;53703.54;1;720;74.58825;14/10/2026
23/09/2026;ASSAI - SP LOJAS;ASSAI - 155;1069194;1668;1;20;83.4;09/10/2026
23/09/2026;ASSAI - SP LOJAS;ASSAI - 165;1069111;60954.8;1;594;102.6175084175;09/10/2026
23/09/2026;ASSAI - SP LOJAS;ASSAI - 165;1069218;1160;1;20;58;01/10/2026
23/09/2026;ASSAI - SP LOJAS;ASSAI - 199;1069117;49242.9;1;584;84.3200342466;01/10/2026
23/09/2026;ASSAI - SP LOJAS;ASSAI - 199;1069225;834;1;10;83.4;15/10/2026
23/09/2026;ASSAI - SP LOJAS;ASSAI - 203;1069131;32653.44;1;476;68.5996638655;15/10/2026
23/09/2026;ASSAI - SP LOJAS;ASSAI - 203;1069183;5474;1;90;60.8222222222;05/10/2026
23/09/2026;ASSAI - SP LOJAS;ASSAI - 205;1069148;83713.18;1;1172;71.4276279863;05/10/2026
23/09/2026;ASSAI - SP LOJAS;ASSAI - 205;1069190;2991;1;45;66.4666666667;Aguardando Agendamento
23/09/2026;ASSAI - SP LOJAS;ASSAI - 209;1069112;57482.93;1;743;77.3659892328;Aguardando Agendamento
23/09/2026;ASSAI - SP LOJAS;ASSAI - 209;1069216;1251;1;15;83.4;06/10/2026
23/09/2026;ASSAI - SP LOJAS;ASSAI - 233;1069098;95653.97;1;1079;88.6505746061;06/10/2026
23/09/2026;ASSAI - SP LOJAS;ASSAI - 233;1069204;834;1;10;83.4;03/10/2026
23/09/2026;ASSAI - SP LOJAS;ASSAI - 258;1069119;55057.66;1;662;83.1686706949;03/10/2026
23/09/2026;ASSAI - SP LOJAS;ASSAI - 258;1069224;1251;1;15;83.4;01/10/2026
23/09/2026;ASSAI - SP LOJAS;ASSAI - 265;1069105;46112.97;1;602;76.5996179402;01/10/2026
23/09/2026;ASSAI - SP LOJAS;ASSAI - 265;1069211;500.4;1;6;83.4;10/10/2026
23/09/2026;ASSAI - SP LOJAS;ASSAI - 270;1069146;41072.22;1;471;87.2021656051;10/10/2026
23/09/2026;ASSAI - SP LOJAS;ASSAI - 270;1069192;1700.2;1;28;60.7214285714;07/10/2026
23/09/2026;ASSAI - SP LOJAS;ASSAI - 271;1069136;78349.56;1;928;84.4284051724;07/10/2026
23/09/2026;ASSAI - SP LOJAS;ASSAI - 271;1069178;417;1;5;83.4;06/10/2026
23/09/2026;ASSAI - SP LOJAS;ASSAI - 274;1069094;97164.98;1;1046;92.8919502868;06/10/2026
23/09/2026;ASSAI - SP LOJAS;ASSAI - 274;1069200;2157;1;35;61.6285714286;06/10/2026
23/09/2026;ASSAI - SP LOJAS;ASSAI - 280;1069120;47901.1;1;754;63.5293103448;06/10/2026
23/09/2026;ASSAI - SP LOJAS;ASSAI - 280;1069223;4151;1;65;63.8615384615;05/10/2026
23/09/2026;ASSAI - SP LOJAS;ASSAI - 282;1069141;53009.58;1;575;92.190573913;05/10/2026
23/09/2026;ASSAI - SP LOJAS;ASSAI - 282;1069184;1668;1;20;83.4;10/10/2026
23/09/2026;ASSAI - SP LOJAS;ASSAI - 285;1069138;93875.96;1;1070;87.7345420561;10/10/2026
23/09/2026;ASSAI - SP LOJAS;ASSAI - 313;1069151;127271.75;1;1570;81.0648089172;06/10/2026
23/09/2026;ASSAI - SP LOJAS;ASSAI - 313;1069197;5982;1;90;66.4666666667;05/10/2026
23/09/2026;ASSAI - SP LOJAS;ASSAI - 336;1069124;75485.95;1;1030;73.2873300971;05/10/2026
23/09/2026;ASSAI - SP LOJAS;ASSAI - 336;1069171;5060.8;1;82;61.7170731707;10/10/2026
23/09/2026;ASSAI - SP LOJAS;ASSAI - 343;1069122;64906.58;1;671;96.7311177347;10/10/2026
23/09/2026;ASSAI - SP LOJAS;ASSAI - 343;1069174;2903.8;1;47;61.7829787234;05/10/2026
23/09/2026;ASSAI - SP LOJAS;ASSAI - 349;1069115;40876.8;1;530;77.1260377358;05/10/2026
23/09/2026;ASSAI - SP LOJAS;ASSAI - 349;1069221;333.6;1;4;83.4;05/10/2026
23/09/2026;ASSAI - SP LOJAS;ASSAI - 48;1069139;101248.58;1;1258;80.4837678855;05/10/2026
23/09/2026;ASSAI - SP LOJAS;ASSAI - 53;1069101;46260.8;1;538;85.9866171004;15/10/2026
23/09/2026;ASSAI - SP LOJAS;ASSAI - 53;1069182;3480;1;60;58;15/10/2026
23/09/2026;ASSAI - SP LOJAS;ASSAI - 58;1069127;50648.2;1;613;82.6234910277;15/10/2026
23/09/2026;ASSAI - SP LOJAS;ASSAI - 58;1069199;2900;1;50;58;15/10/2026
23/09/2026;ASSAI - SP LOJAS;ASSAI - 59;1069156;72887.43;1;891;81.8040740741;15/10/2026
23/09/2026;ASSAI - SP LOJAS;ASSAI - 59;1069215;3154;1;50;63.08;14/10/2026
23/09/2026;ASSAI - SP LOJAS;ASSAI - 64;1069132;55720.22;1;628;88.7264649682;14/10/2026
23/09/2026;ASSAI - SP LOJAS;ASSAI - 64;1069202;834;1;10;83.4;20/10/2026
23/09/2026;ASSAI - SP LOJAS;ASSAI - 68;1069096;74628.86;1;827;90.2404594921;20/10/2026
23/09/2026;ASSAI - SP LOJAS;ASSAI - 68;1069177;3861;1;60;64.35;07/10/2026
23/09/2026;ASSAI - SP LOJAS;ASSAI - 74;1069143;64970.7;1;750;86.6276;07/10/2026
23/09/2026;ASSAI - SP LOJAS;ASSAI - 75;1069125;37078.4;1;402;92.2348258706;09/10/2026
23/09/2026;ASSAI - SP LOJAS;ASSAI - 81;1069152;34979.4;1;348;100.5155172414;09/10/2026
23/09/2026;ASSAI - SP LOJAS;ASSAI - 85;1069099;120693.52;1;1321;91.3652687358;15/10/2026
23/09/2026;ASSAI - SP LOJAS;ASSAI - 85;1069181;5311;1;85;62.4823529412;08/10/2026
23/09/2026;ASSAI - SP LOJAS;ASSAI - 89;1069128;41462;1;451;91.933481153;08/10/2026
23/09/2026;ASSAI - SP LOJAS;ASSAI - 93;1069104;62943.8;1;616;102.1814935065;08/10/2026
23/09/2026;ASSAI - SP LOJAS;ASSAI - 93;1069172;2900;1;50;58;07/10/2026
23/09/2026;BARBOSA;BARBOSA - 01;1068742;2956.8;1;31;95.3806451613;07/10/2026
23/09/2026;BARBOSA;BARBOSA - 03;1068752;2620.8;1;27;97.0666666667;Aguardando Agendamento
23/09/2026;BARBOSA;BARBOSA - 36;1068776;960;1;10;96;Aguardando Agendamento
23/09/2026;BARBOSA;BARBOSA - 40;1068780;9048;1;94;96.2553191489;Aguardando Agendamento
23/09/2026;BARBOSA;BARBOSA - 43;1068783;4342.8;1;45;96.5066666667;Aguardando Agendamento
23/09/2026;BARBOSA;BARBOSA - 44;1068784;3360;1;35;96;Aguardando Agendamento
23/09/2026;BEM BARATO;BEM BARATO - 05;1069335;212380;1;2870;74;Aguardando Agendamento
23/09/2026;CENTRO DE DISTRIBUICAO BUTANTA;CENTRO DE DISTRIBUICAO BUTANTA;1068878;2639.12;1;38;69.4505263158;Aguardando Agendamento
23/09/2026;COMERCIAL ESPERANCA ATACADO DISTRIBUIDOR;COMERCIAL ESPERANCA ATACADO DISTRIBUIDOR;1068895;64243.2;1;1050;61.184;01/10/2026
23/09/2026;COMERCIAL ESPERANCA ATACADO DISTRIBUIDOR;COMERCIAL ESPERANCA ATACADO DISTRIBUIDOR;1069018;57312;1;600;95.52;14/10/2026
23/09/2026;COOP - CD;COOP - CD SAO BERNADO;1069017;188088;1;1580;119.0430379747;14/10/2026
23/09/2026;DESTRO MACROATACADO;DESTRO BRASIL DISTRIBUICAO;1069255;115200;1;1200;96;01/10/2026
23/09/2026;OBA;OBA - SP CD;1068888;162937.2;1;1489;109.4272666219;Aguardando Agendamento
23/09/2026;OBA;OBA - SP CD;1068890;58366.4;1;640;91.1975;05/10/2026
23/09/2026;OBA;OBA - SP CD;1068973;2079;1;35;59.4;05/10/2026
23/09/2026;OBA;OBA - SP CD;1069026;31809.6;1;282;112.8;05/10/2026
23/09/2026;ROSSI;ROSSI - GUAIANAZES II;1068945;12280.6;1;165;74.4278787879;05/10/2026
23/09/2026;ROSSI;ROSSI - LOJA 14;1068928;11357.68;1;155;73.2753548387;Aguardando Agendamento
23/09/2026;ROSSI;ROSSI - OSASCO;1068916;19121.68;1;278;68.7830215827;Aguardando Agendamento
23/09/2026;ROSSI;ROSSI - VILA CISPER;1068887;679.08;1;14;48.5057142857;Aguardando Agendamento
24/09/2026;ASSAI - SP LOJAS;ASSAI - 08;1069550;468;1;5;93.6;Aguardando Agendamento
24/09/2026;ASSAI - SP LOJAS;ASSAI - 18;1069549;468;1;5;93.6;Aguardando Agendamento
24/09/2026;ASSAI - SP LOJAS;ASSAI - 280;1069537;936;1;10;93.6;Aguardando Agendamento
24/09/2026;ASSAI - SP LOJAS;ASSAI - 313;1069540;936;1;10;93.6;05/10/2026
24/09/2026;ASSAI - SP LOJAS;ASSAI - 64;1069546;655.2;1;7;93.6;05/10/2026
24/09/2026;ASSAI - SP LOJAS;ASSAI - 89;1069541;468;1;5;93.6;20/10/2026
24/09/2026;ATACADAO - RJ;ATACADAO 130;1069687;11970.6;1;103;116.2194174757;08/10/2026
24/09/2026;ATACADAO - RJ;ATACADAO 157;1069688;11763.6;1;100;117.636;01/10/2026
24/09/2026;ATACADAO - RJ;ATACADAO 63;1069686;3915.6;1;40;97.89;01/10/2026
24/09/2026;CENTRO DE DISTRIBUICAO BUTANTA;CENTRO DE DISTRIBUICAO BUTANTA;1069552;1800;1;20;90;01/10/2026
24/09/2026;CENTRO DE DISTRIBUICAO BUTANTA;CENTRO DE DISTRIBUICAO BUTANTA;1069579;964.28;1;13;74.1753846154;01/10/2026
24/09/2026;DA PRACA;DA PRACA - 03;1069729;516;1;5;103.2;01/10/2026
24/09/2026;DA PRACA;DA PRACA - 09;1069717;1690.4;1;22;76.8363636364;30/09/2026
24/09/2026;DA PRACA;DA PRACA - 16;1069748;1588.72;1;22;72.2145454545;30/09/2026
24/09/2026;DA PRACA;DA PRACA - 27;1069758;1548.32;1;19;81.4905263158;30/09/2026
24/09/2026;DTK COMERCIO;TW FOODS;1069651;3930;1;40;98.25;30/09/2026
24/09/2026;DTK COMERCIO;TW FOODS;1069674;393;1;4;98.25;05/10/2026
24/09/2026;HIROTA - CD;HIROTA EXPRESS - CD 98;1069667;49553;1;718;69.0153203343;05/10/2026
24/09/2026;HIROTA - CD;HIROTA EXPRESS - CD 98;1069671;14230.8;1;422;33.7222748815;01/10/2026
24/09/2026;HIROTA - CD;HIROTA EXPRESS - CD CEAGESP;1069664;7308;1;228;32.0526315789;01/10/2026
24/09/2026;HIROTA - CD;HIROTA EXPRESS - CD CEAGESP;1069665;29685.6;1;452;65.6761061947;01/10/2026
24/09/2026;HOSPITAL NIPO;HOSPITAL NIPO BRASILEIRO;1069458;1132;1;6.6666666667;169.8;01/10/2026
24/09/2026;HOSPITAL NIPO;HOSPITAL NIPO BRASILEIRO;1069544;1132;1;6.6666666667;169.8;Entrega Direta
24/09/2026;PADARIA DO MOINHO;PADARIA DO MOINHO;1069551;1017.6;1;8;127.2;Entrega Direta
24/09/2026;PORTO SEGURO;PORTO SEGURO - 01;1069468;12372;1;141;87.7446808511;30/09/2026
24/09/2026;PORTO SEGURO;PORTO SEGURO - 03;1069474;12336;1;140;88.1142857143;01/10/2026
24/09/2026;RAMURTI;M CLOSET COMERCIAL;1069602;66194.4;1;2088;31.7022988506;01/10/2026
24/09/2026;REDE LITORAL;REDE LITORAL ATACADISTA;1069608;53280;1;550;96.8727272727;01/10/2026
24/09/2026;REDE LITORAL;REDE LITORAL ATACADISTA;1069615;2700;1;27;100;07/10/2026
24/09/2026;REPRESENTANTES DA TERRINHA;VALTER AMARAL MACHADO;1069594;183.84;1;4;45.96;07/10/2026
24/09/2026;ROSSI;ROSSI - GUAIANAZES II;1069417;5118.56;1;62;82.5574193548;25/09/2026
24/09/2026;ROSSI;ROSSI - LOJA 14;1069410;2742;1;30;91.4;Aguardando Agendamento
24/09/2026;ROSSI;ROSSI - OSASCO;1069411;2378.4;1;27;88.0888888889;Aguardando Agendamento
24/09/2026;ROSSI;ROSSI - VILA CISPER;1069406;1967;1;22;89.4090909091;Aguardando Agendamento
24/09/2026;SWIFT - CD;SWIFT - CD ANHAGUERA;1069611;37920;1;400;94.8;Aguardando Agendamento
24/09/2026;UNICA COMERCIO E DISTRIBUICAO;UNICA COMERCIO E DISTRIBUICAO;1069576;54086.4;1;670;80.7259701493;09/10/2026
24/09/2026;UNICA COMERCIO E DISTRIBUICAO;UNICA COMERCIO E DISTRIBUICAO;1069630;4032;1;42;96;01/10/2026
25/09/2026;ASSAI - SP LOJAS;ASSAI  - 339;1070247;2658;1;45;59.0666666667;01/10/2026
25/09/2026;ASSAI - SP LOJAS;ASSAI  - 350;1070284;3918;1;45;87.0666666667;05/10/2026
25/09/2026;ASSAI - SP LOJAS;ASSAI - 01;1070252;1108.8;1;30;36.96;03/10/2026
25/09/2026;ASSAI - SP LOJAS;ASSAI - 03;1070319;184.8;1;5;36.96;Aguardando Agendamento
25/09/2026;ASSAI - SP LOJAS;ASSAI - 07;1070223;739.2;1;20;36.96;Aguardando Agendamento
25/09/2026;ASSAI - SP LOJAS;ASSAI - 08;1070248;739.2;1;20;36.96;Aguardando Agendamento
25/09/2026;ASSAI - SP LOJAS;ASSAI - 104;1070251;3980.4;1;70;56.8628571429;Aguardando Agendamento
25/09/2026;ASSAI - SP LOJAS;ASSAI - 112;1070268;2241;1;40;56.025;13/10/2026
25/09/2026;ASSAI - SP LOJAS;ASSAI - 12;1070249;554.4;1;15;36.96;13/10/2026
25/09/2026;ASSAI - SP LOJAS;ASSAI - 121;1070236;1848;1;50;36.96;14/10/2026
25/09/2026;ASSAI - SP LOJAS;ASSAI - 123;1070277;5306.4;1;70;75.8057142857;06/10/2026
25/09/2026;ASSAI - SP LOJAS;ASSAI - 124;1070280;5136;1;60;85.6;Aguardando Agendamento
25/09/2026;ASSAI - SP LOJAS;ASSAI - 126;1070241;900;1;10;90;13/10/2026
25/09/2026;ASSAI - SP LOJAS;ASSAI  129 - VILA CASCATINHA;1070262;3852;1;45;85.6;14/10/2026
25/09/2026;ASSAI - SP LOJAS;ASSAI - 130;1070219;10419;1;150;69.46;Aguardando Agendamento
25/09/2026;ASSAI - SP LOJAS;ASSAI - 137;1070217;3150;1;35;90;07/10/2026
25/09/2026;ASSAI - SP LOJAS;ASSAI - 144;1070255;5718;1;65;87.9692307692;Aguardando Agendamento
25/09/2026;ASSAI - SP LOJAS;ASSAI - 148;1070315;3018;1;35;86.2285714286;Aguardando Agendamento
25/09/2026;ASSAI - SP LOJAS;ASSAI - 149;1070292;739.2;1;20;36.96;14/10/2026
25/09/2026;ASSAI - SP LOJAS;ASSAI - 151;1070276;2241;1;40;56.025;Aguardando Agendamento
25/09/2026;ASSAI - SP LOJAS;ASSAI - 153;1070245;2587.2;1;70;36.96;14/10/2026
25/09/2026;ASSAI - SP LOJAS;ASSAI - 154;1070243;739.2;1;20;36.96;Aguardando Agendamento
25/09/2026;ASSAI - SP LOJAS;ASSAI - 155;1070261;2568;1;30;85.6;Aguardando Agendamento
25/09/2026;ASSAI - SP LOJAS;ASSAI - 157;1070307;2274;1;40;56.85;09/10/2026
25/09/2026;ASSAI - SP LOJAS;ASSAI - 16;1070287;924;1;25;36.96;Aguardando Agendamento
25/09/2026;ASSAI - SP LOJAS;ASSAI - 165;1070301;2250;1;25;90;Aguardando Agendamento
25/09/2026;ASSAI - SP LOJAS;ASSAI - 166;1070228;1848;1;50;36.96;01/10/2026
25/09/2026;ASSAI - SP LOJAS;ASSAI - 167;1070271;1108.8;1;30;36.96;Aguardando Agendamento
25/09/2026;ASSAI - SP LOJAS;ASSAI - 168;1070235;554.4;1;15;36.96;Aguardando Agendamento
25/09/2026;ASSAI - SP LOJAS;ASSAI - 17;1070320;554.4;1;15;36.96;Aguardando Agendamento
25/09/2026;ASSAI - SP LOJAS;ASSAI - 178;1070253;2184;1;25;87.36;Aguardando Agendamento
25/09/2026;ASSAI - SP LOJAS;ASSAI - 18;1070291;8352.6;1;130;64.2507692308;Aguardando Agendamento
25/09/2026;ASSAI - SP LOJAS;ASSAI - 19;1070318;184.8;1;5;36.96;Aguardando Agendamento
25/09/2026;ASSAI - SP LOJAS;ASSAI - 20;1070258;554.4;1;15;36.96;Aguardando Agendamento
25/09/2026;ASSAI - SP LOJAS;ASSAI - 200;1070303;11499;1;190;60.5210526316;Aguardando Agendamento
25/09/2026;ASSAI - SP LOJAS;ASSAI - 203;1070233;2392.8;1;45;53.1733333333;09/10/2026
25/09/2026;ASSAI - SP LOJAS;ASSAI - 205;1070269;5377.8;1;80;67.2225;05/10/2026
25/09/2026;ASSAI - SP LOJAS;ASSAI - 209;1070300;2908.8;1;50;58.176;Aguardando Agendamento
25/09/2026;ASSAI - SP LOJAS;ASSAI - 21;1070216;924;1;25;36.96;06/10/2026
25/09/2026;ASSAI - SP LOJAS;ASSAI - 22;1070312;369.6;1;10;36.96;Aguardando Agendamento
25/09/2026;ASSAI - SP LOJAS;ASSAI - 233;1070278;1350;1;15;90;Aguardando Agendamento
25/09/2026;ASSAI - SP LOJAS;ASSAI - 237;1070264;3885;1;45;86.3333333333;03/10/2026
25/09/2026;ASSAI - SP LOJAS;ASSAI - 240;1070306;739.2;1;20;36.96;14/10/2026
25/09/2026;ASSAI - SP LOJAS;ASSAI - 244;1070244;417;1;5;83.4;Aguardando Agendamento
25/09/2026;ASSAI - SP LOJAS;ASSAI - 246;1070275;1734;1;20;86.7;09/10/2026
25/09/2026;ASSAI - SP LOJAS;ASSAI - 25;1070310;554.4;1;15;36.96;06/10/2026
25/09/2026;ASSAI - SP LOJAS;ASSAI - 254;1070259;3885;1;45;86.3333333333;14/10/2026
25/09/2026;ASSAI - SP LOJAS;ASSAI - 258;1070314;5813.4;1;90;64.5933333333;Aguardando Agendamento
25/09/2026;ASSAI - SP LOJAS;ASSAI - 265;1070286;5623.2;1;75;74.976;01/10/2026
25/09/2026;ASSAI - SP LOJAS;ASSAI - 267;1070224;1668;1;20;83.4;10/10/2026
25/09/2026;ASSAI - SP LOJAS;ASSAI - 270;1070272;4586.4;1;90;50.96;08/10/2026
25/09/2026;ASSAI - SP LOJAS;ASSAI - 271;1070229;6111.6;1;90;67.9066666667;07/10/2026
25/09/2026;ASSAI - SP LOJAS;ASSAI - 274;1070283;2705.4;1;40;67.635;06/10/2026
25/09/2026;ASSAI - SP LOJAS;ASSAI - 275;1070298;2634;1;30;87.8;06/10/2026
25/09/2026;ASSAI - SP LOJAS;ASSAI - 276;1070230;4467.6;1;85;52.56;Aguardando Agendamento
25/09/2026;ASSAI - SP LOJAS;ASSAI - 278;1070232;2601;1;30;86.7;03/10/2026
25/09/2026;ASSAI - SP LOJAS;ASSAI - 280;1070309;5860.8;1;85;68.9505882353;Aguardando Agendamento
25/09/2026;ASSAI - SP LOJAS;ASSAI - 282;1070256;2639.4;1;40;65.985;05/10/2026
25/09/2026;ASSAI - SP LOJAS;ASSAI - 285;1070257;4951.8;1;90;55.02;10/10/2026
25/09/2026;ASSAI - SP LOJAS;ASSAI - 295 ITATIBA;1070246;1284;1;15;85.6;06/10/2026
25/09/2026;ASSAI - SP LOJAS;ASSAI - 301;1070293;2274;1;40;56.85;10/10/2026
25/09/2026;ASSAI - SP LOJAS;ASSAI - 303;1070221;5691;1;110;51.7363636364;Aguardando Agendamento
25/09/2026;ASSAI - SP LOJAS;ASSAI - 31;1070260;924;1;25;36.96;14/10/2026
25/09/2026;ASSAI - SP LOJAS;ASSAI - 312;1070238;4117.8;1;80;51.4725;Aguardando Agendamento
25/09/2026;ASSAI - SP LOJAS;ASSAI - 313;1070265;10921.2;1;195;56.0061538462;13/10/2026
25/09/2026;ASSAI - SP LOJAS;ASSAI - 32;1070274;1108.8;1;30;36.96;05/10/2026
25/09/2026;ASSAI - SP LOJAS;ASSAI - 326;1070266;554.4;1;15;36.96;Aguardando Agendamento
25/09/2026;ASSAI - SP LOJAS;ASSAI - 327;1070234;554.4;1;15;36.96;Aguardando Agendamento
25/09/2026;ASSAI - SP LOJAS;ASSAI - 336;1070222;7419;1;85;87.2823529412;Aguardando Agendamento
25/09/2026;ASSAI - SP LOJAS;ASSAI - 337;1070254;1084.8;1;15;72.32;10/10/2026
25/09/2026;ASSAI - SP LOJAS;ASSAI - 343;1070225;3075;1;50;61.5;Aguardando Agendamento
25/09/2026;ASSAI - SP LOJAS;ASSAI - 349;1070317;1767;1;20;88.35;05/10/2026
25/09/2026;ASSAI - SP LOJAS;ASSAI - 351;1070299;554.4;1;15;36.96;05/10/2026
25/09/2026;ASSAI - SP LOJAS;ASSAI - 38;1070263;554.4;1;15;36.96;05/10/2026
25/09/2026;ASSAI - SP LOJAS;ASSAI - 45;1070240;3742.8;1;60;62.38;Aguardando Agendamento
25/09/2026;ASSAI - SP LOJAS;ASSAI - 53;1070220;2378.4;1;50;47.568;Aguardando Agendamento
25/09/2026;ASSAI - SP LOJAS;ASSAI - 58;1070297;8064;1;150;53.76;Aguardando Agendamento
25/09/2026;ASSAI - SP LOJAS;ASSAI - 59;1070311;3155.4;1;45;70.12;Aguardando Agendamento
25/09/2026;ASSAI - SP LOJAS;ASSAI - 60;1070250;7660.8;1;105;72.96;14/10/2026
25/09/2026;ASSAI - SP LOJAS;ASSAI - 64;1070290;2250;1;25;90;Aguardando Agendamento
25/09/2026;ASSAI - SP LOJAS;ASSAI - 68;1070226;3084;1;35;88.1142857143;Aguardando Agendamento
25/09/2026;ASSAI - SP LOJAS;ASSAI - 73;1070095;3384;1;30;112.8;07/10/2026
25/09/2026;ASSAI - SP LOJAS;ASSAI - 73;1070305;554.4;1;15;36.96;Aguardando Agendamento
25/09/2026;ASSAI - SP LOJAS;ASSAI - 74;1070304;4922.4;1;65;75.7292307692;Aguardando Agendamento
25/09/2026;ASSAI - SP LOJAS;ASSAI - 75;1070281;1478.4;1;40;36.96;09/10/2026
25/09/2026;ASSAI - SP LOJAS;ASSAI - 81;1070313;2804.4;1;40;70.11;09/10/2026
25/09/2026;ASSAI - SP LOJAS;ASSAI - 85;1070218;4657.2;1;65;71.6492307692;Aguardando Agendamento
25/09/2026;ASSAI - SP LOJAS;ASSAI - 86;1070316;7353;1;85;86.5058823529;08/10/2026
25/09/2026;ASSAI - SP LOJAS;ASSAI - 89;1070296;2937.6;1;40;73.44;Aguardando Agendamento
25/09/2026;ASSAI - SP LOJAS;ASSAI - 93;1070237;2193.6;1;45;48.7466666667;08/10/2026
25/09/2026;ASSAI - SP LOJAS;ASSAI - 94;1070242;1108.8;1;30;36.96;07/10/2026
25/09/2026;ASSAI - SP LOJAS;ASSAI - 96;1070279;5472;1;105;52.1142857143;Aguardando Agendamento
25/09/2026;ASSAI - SP LOJAS;ASSAI 161 - JARDIM ROSINA;1070231;5098.2;1;85;59.9788235294;Aguardando Agendamento
25/09/2026;ASSAI - SP LOJAS;ASSAI 260 - MOOCA;1070227;3018;1;35;86.2285714286;Aguardando Agendamento
25/09/2026;ASSAI - SP LOJAS;ASSAI 281;1070294;1668;1;20;83.4;Aguardando Agendamento
25/09/2026;ASSAI - SP LOJAS;ASSAI 354;1070270;1293.6;1;35;36.96;14/10/2026
25/09/2026;OFNER;OFNER;1070031;21384;1;180;118.8;05/10/2026
25/09/2026;OXXO - CD;OXXO - CAJAMAR;1070210;15249.6;1;60;254.16;05/10/2026
25/09/2026;PORTO SEGURO;PORTO SEGURO - 01;1069828;1152;1;12;96;Aguardando Agendamento
25/09/2026;PORTO SEGURO;PORTO SEGURO - 03;1069827;1152;1;12;96;01/10/2026
25/09/2026;REAL CESTAS;REAL CESTAS;1070325;28274;1;460;61.4652173913;01/10/2026
25/09/2026;REAL CESTAS;REAL CESTAS;1070326;31774;1;510;62.3019607843;Aguardando Agendamento
25/09/2026;REAL CESTAS;REAL CESTAS;1070327;39048;1;670;58.2805970149;Aguardando Agendamento
25/09/2026;TENNESSEE;TENNESSEE - BARUERI;1070194;653.16;1;7;93.3085714286;Aguardando Agendamento
25/09/2026;TRIMAIS (BERGAMAIS) LOJAS;TRIMAIS FURNAS;1070364;7308;1;70;104.4;30/09/2026
25/09/2026;TRIMAIS (BERGAMAIS) LOJAS;TRIMAIS LAUZANE;1070366;10440;1;100;104.4;Aguardando Agendamento
25/09/2026;TRIMAIS (BERGAMAIS) LOJAS;TRIMAIS PERI;1070367;3132;1;30;104.4;Aguardando Agendamento
25/09/2026;TRIMAIS (BERGAMAIS) LOJAS;TRIMAIS TUCURUVI;1070365;10440;1;100;104.4;Aguardando Agendamento
28/09/2026;ALCANCE PLUS;ALCANCE PLUS COMERCIO VAREJISTA;1071141;7740;1;127;60.9448818898;Aguardando Agendamento
28/09/2026;AMIGO BARATEIRO;AMIGO BARATE;1071132;4161.22;1;56;74.3075;Entrega Direta
28/09/2026;AMIGO BARATEIRO;AMIGO BARATE;1071185;576.24;1;6;96.04;30/09/2026
28/09/2026;ASSAI - SP CD;SENDAS DISTRIBUIDORA 915 - CD CAJAMAR;1070921;169200;1;1500;112.8;30/09/2026
28/09/2026;ASSAI - SP CD;SENDAS DISTRIBUIDORA 915 - CD CAJAMAR;1070930;164688;1;1460;112.8;16/10/2026
28/09/2026;ASSAI - SP CD;SENDAS DISTRIBUIDORA 915 - CD CAJAMAR;1070931;164688;1;1460;112.8;15/10/2026
28/09/2026;ASSAI - SP CD;SENDAS DISTRIBUIDORA 915 - CD CAJAMAR;1070932;115056;1;1020;112.8;15/10/2026
28/09/2026;ATACADAO - RJ;ATACADAO;1071174;3915.6;1;40;97.89;06/10/2026
28/09/2026;ATACADAO - RJ;ATACADAO - BELFORD ROXO;1071170;4479.6;1;46;97.3826086957;01/10/2026
28/09/2026;ATACADAO - RJ;ATACADAO - CABO FRIO;1071171;14671.2;1;120;122.26;01/10/2026
28/09/2026;ATACADAO - RJ;ATACADAO - CACHAMBI;1071173;3915.6;1;40;97.89;01/10/2026
28/09/2026;ATACADAO - RJ;ATACADAO - CAXIAS;1071140;4479.6;1;46;97.3826086957;01/10/2026
28/09/2026;ATACADAO - RJ;ATACADAO - DA BARRA;1071167;3915.6;1;40;97.89;01/10/2026
28/09/2026;ATACADAO - RJ;ATACADAO - JACAREPAGUA;1071157;4479.6;1;46;97.3826086957;01/10/2026
28/09/2026;ATACADAO - RJ;ATACADAO - MARICA;1071172;3915.6;1;40;97.89;01/10/2026
28/09/2026;ATACADAO - RJ;ATACADAO - NOVA IGUACU 2;1071168;3915.6;1;40;97.89;01/10/2026
28/09/2026;ATACADAO - RJ;ATACADAO - RIO DAS OSTRAS;1071162;14607.6;1;130;112.3661538462;01/10/2026
28/09/2026;ATACADAO - RJ;ATACADAO - SAO GONCALO;1071149;3915.6;1;40;97.89;01/10/2026
28/09/2026;ATACADAO - RJ;ATACADAO 136;1071144;3915.6;1;40;97.89;01/10/2026
28/09/2026;ATACADAO - RJ;ATACADAO 259;1071156;3915.6;1;40;97.89;01/10/2026
28/09/2026;ATACADAO - RJ;ATACADAO 65;1071122;4291.6;1;44;97.5363636364;01/10/2026
28/09/2026;ATACADAO - RJ;ATACADAO 67;1071131;4122.6;1;43;95.8744186047;01/10/2026
28/09/2026;AVICOLA E MERCEARIA COLONIAL;AVICOLA E MERCEARIA COLONIAL;1071194;55.08;1;1;55.08;01/10/2026
28/09/2026;AVICOLA E MERCEARIA COLONIAL;AVICOLA E MERCEARIA COLONIAL;1071195;665.4;1;7;95.0571428571;Entrega Direta
28/09/2026;AYUMI;AYUMI - 01;1071282;648;1;12;54;Entrega Direta
28/09/2026;AYUMI;AYUMI - 02;1071281;1080;1;20;54;Entrega Direta
28/09/2026;AYUMI;AYUMI - 02;1071305;3078.72;1;33;93.2945454545;Entrega Direta
28/09/2026;AYUMI;AYUMI - 03;1071280;972;1;18;54;Entrega Direta
28/09/2026;AYUMI;AYUMI - 03;1071304;3012.48;1;32;94.14;Entrega Direta
28/09/2026;AYUMI;AYUMI - 07;1071286;1080;1;20;54;Entrega Direta
28/09/2026;AYUMI;AYUMI - 07;1071299;6024.96;1;64;94.14;30/09/2026
28/09/2026;AYUMI;AYUMI - 10;1071283;1350;1;25;54;30/09/2026
28/09/2026;AYUMI;AYUMI - 10;1071296;5880;1;60;98;30/09/2026
28/09/2026;BAHAMAS;SUPERMERCADO BAHAMAS - CD JF;1071099;60504;1;500;121.008;30/09/2026
28/09/2026;BEM ESTAR;BEM ESTAR;1070959;305.28;1;8;38.16;01/10/2026
28/09/2026;BEMBOM;SUPERMERCADO BEMBOM - 01;1071211;1379.8;1;13;106.1384615385;Aguardando Agendamento
28/09/2026;BEMBOM;SUPERMERCADO BEMBOM - 02;1071133;1022.65;1;9;113.6277777778;30/09/2026
28/09/2026;BEMBOM;SUPERMERCADO BEMBOM - 02;1071229;75;1;1;75;30/09/2026
28/09/2026;BENTEVENHA STORES;BENTEVENHA STORES;1071176;2085.48;1;34;61.3376470588;30/09/2026
28/09/2026;BENTEVENHA STORES;BENTEVENHA STORES;1071197;109.8;1;2;54.9;01/10/2026
28/09/2026;BIGA;MERCEARIA BIGA;1071338;674.88;1;6;112.48;01/10/2026
28/09/2026;BOI LEGAL;BOI LEGAL - SANTA CECILIA;1071011;636.48;1;7;90.9257142857;30/09/2026
28/09/2026;CAÇULA;J. SANTOS OLIVEIRA EIRELI;1071169;3926.4;1;40;98.16;02/10/2026
28/09/2026;CARONE/DRIFT;ALTO LAGE SEMPRETEM;1070938;66.24;1;1;66.24;Entrega Direta
28/09/2026;CARONE/DRIFT;ALTO LAGE SEMPRETEM;1070988;1437.6;1;15;95.84;Aguardando Agendamento
28/09/2026;CARONE/DRIFT;CAMPO GRANDE;1070920;3768;1;41;91.9024390244;Aguardando Agendamento
28/09/2026;CARONE/DRIFT;CAMPO GRANDE;1070957;132.48;1;2;66.24;Aguardando Agendamento
28/09/2026;CARONE/DRIFT;CARONE - CABO FRIO;1070905;7038.24;1;71;99.1301408451;Aguardando Agendamento
28/09/2026;CARONE/DRIFT;CARONE COQUEIRAL;1070947;132.48;1;2;66.24;01/10/2026
28/09/2026;CARONE/DRIFT;CARONE COQUEIRAL;1070979;702;1;10;70.2;Aguardando Agendamento
28/09/2026;CARONE/DRIFT;CARONE GAIVOTAS;1070919;2066.1;1;21;98.3857142857;Aguardando Agendamento
28/09/2026;CARONE/DRIFT;CARONE GAIVOTAS;1070956;132.48;1;2;66.24;Aguardando Agendamento
28/09/2026;CARONE/DRIFT;CARONE ITAPOA;1070917;4971;1;50;99.42;Aguardando Agendamento
28/09/2026;CARONE/DRIFT;CARONE ITAPOA;1070954;132.48;1;2;66.24;Aguardando Agendamento
28/09/2026;CARONE/DRIFT;CARONE J.CAMBURI;1070916;5651.52;1;62;91.1535483871;Aguardando Agendamento
28/09/2026;CARONE/DRIFT;CARONE J.CAMBURI;1070951;132.48;1;2;66.24;Aguardando Agendamento
28/09/2026;CARONE/DRIFT;CARONE J.PENHA;1070913;6325.2;1;57;110.9684210526;Aguardando Agendamento
28/09/2026;CARONE/DRIFT;CARONE J.PENHA;1070949;132.48;1;2;66.24;Aguardando Agendamento
28/09/2026;CARONE/DRIFT;CARONE LARANJEIRAS;1070918;7101.72;1;82;86.6063414634;Aguardando Agendamento
28/09/2026;CARONE/DRIFT;CARONE LARANJEIRAS;1070955;132.48;1;2;66.24;Aguardando Agendamento
28/09/2026;CARONE/DRIFT;CARONE LARANJEIRAS;1071187;4062.96;1;42;96.7371428571;Aguardando Agendamento
28/09/2026;CARONE/DRIFT;CARONE P.COSTA;1070914;5641.2;1;47;120.0255319149;Aguardando Agendamento
28/09/2026;CARONE/DRIFT;CARONE P.COSTA;1070950;132.48;1;2;66.24;Aguardando Agendamento
28/09/2026;CARONE/DRIFT;CARONE S.LUCIA;1070915;6290.16;1;61;103.1173770492;Aguardando Agendamento
28/09/2026;CARONE/DRIFT;CARONE S.LUCIA;1070948;132.48;1;2;66.24;Aguardando Agendamento
28/09/2026;CARONE/DRIFT;CARONE V VELHA;1070946;66.24;1;1;66.24;Aguardando Agendamento
28/09/2026;CARONE/DRIFT;CARONE V VELHA;1070978;471.36;1;4;117.84;Aguardando Agendamento
28/09/2026;CARONE/DRIFT;SEMPRE TEM  CACHOEIRO;1070936;66.24;1;1;66.24;Aguardando Agendamento
28/09/2026;CARONE/DRIFT;SEMPRE TEM  CACHOEIRO;1070985;1163.16;1;18;64.62;Aguardando Agendamento
28/09/2026;CARONE/DRIFT;SEMPRE TEM CAMBURI;1070993;8379.06;1;82;102.1836585366;Aguardando Agendamento
28/09/2026;CARONE/DRIFT;SEMPRE TEM SAO PEDRO DA ALDEIA;1070907;5358.48;1;49;109.3567346939;Aguardando Agendamento
28/09/2026;CARONE/DRIFT;SEMPRE TEM SERRA - JLIMOEIRO;1070934;66.24;1;1;66.24;01/10/2026
28/09/2026;CARONE/DRIFT;SEMPRE TEM SERRA - JLIMOEIRO;1070983;2064.3;1;25;82.572;Aguardando Agendamento
28/09/2026;CARONE/DRIFT;SEMPRETEM BARRA DO JUCU;1070940;132.48;1;2;66.24;Aguardando Agendamento
28/09/2026;CARONE/DRIFT;SEMPRETEM BARRA DO JUCU;1070994;2160.3;1;29;74.4931034483;Aguardando Agendamento
28/09/2026;CARONE/DRIFT;SEMPRETEM GUARAPARI;1070935;66.24;1;1;66.24;Aguardando Agendamento
28/09/2026;CARONE/DRIFT;SEMPRETEM GUARAPARI;1070984;2429.1;1;22;110.4136363636;Aguardando Agendamento
28/09/2026;CARONE/DRIFT;SEMPRETEM JACARAIPE;1070937;132.48;1;2;66.24;Aguardando Agendamento
28/09/2026;CARONE/DRIFT;SEMPRETEM LINHARES;1070986;3038.7;1;30;101.29;Aguardando Agendamento
28/09/2026;CARONE/DRIFT;SEMPRETEM LINHARES;1070987;4988.7;1;45;110.86;Aguardando Agendamento
28/09/2026;CARREFOUR;CARREFOUR MERCEARIA;1071104;23600;1;320;73.75;Aguardando Agendamento
28/09/2026;CASA DE CARNES MARCELLA;CASA DE CARNES MARCELLA;1071164;153.6;1;4;38.4;Aguardando Agendamento
28/09/2026;CASAFRUTI DAS AMERICAS;CASAFRUTI - DAS AMERICAS;1070945;1783.2;1;17;104.8941176471;30/09/2026
28/09/2026;CASAFRUTI HORTIFRUTIGRANJEIROS;CASAFRUTI HORTIFRUTIGRANJEIROS - VITORIA;1070922;412.32;1;4;103.08;Aguardando Agendamento
28/09/2026;CHARMOSO;MERCADO CHARMOSO;1071333;1602.35;1;24;66.7645833333;Aguardando Agendamento
28/09/2026;CIA DO WIISKY;CIA DO WIISKY;1071142;4128;1;40;103.2;01/10/2026
28/09/2026;CIA DO WIISKY;CIA DO WIISKY;1071151;412.8;1;4;103.2;01/10/2026
28/09/2026;COFESA;COFESA - 10;1071307;6815.58;1;106;64.2979245283;01/10/2026
28/09/2026;COMERCIAL SOUZA ATACADISTA;COMPREMIX COMERCIO DE PRODUTOS;1071096;31440;1;600;52.4;01/10/2026
28/09/2026;COMERCIAL SOUZA ATACADISTA;COMPREMIX COMERCIO DE PRODUTOS;1071097;2620;1;50;52.4;Aguardando Agendamento
28/09/2026;COMPRE FACIL;COMPRE FACIL;1070871;37450;1;600;62.4166666667;Aguardando Agendamento
28/09/2026;COMPRE FACIL;COMPRE FACIL;1070908;6120;1;85;72;Entrega Direta
28/09/2026;COMPRE FACIL;COMPRE FACIL;1071036;360;1;5;72;Entrega Direta
28/09/2026;COMPRE FACIL;COMPRE FACIL;1071044;1267.5;1;20;63.375;Entrega Direta
28/09/2026;CONFEITARIA MONTE LIBANO;CONFEITARIA MONTE LIBANO -  VV;1070961;698.16;1;7;99.7371428571;Entrega Direta
28/09/2026;CONFEITARIA MONTE LIBANO;CONFEITARIA MONTE LIBANO - PRAIA DO CANTO;1070960;591.2;1;7;84.4571428571;Aguardando Agendamento
28/09/2026;COSTA BARROS;SACOLAO COSTA BARROS;1071215;1241.48;1;19;65.3410526316;Aguardando Agendamento
28/09/2026;COUTINHO;COUTINHO EXTRABOM - CIVIT I;1070927;34152;1;380;89.8736842105;01/10/2026
28/09/2026;COUTINHO;COUTINHO EXTRABOM - CIVIT I;1071023;1766.4;1;20;88.32;Aguardando Agendamento
28/09/2026;DAOLIO;DAOLIO - LJ 01;1071103;706.32;1;6;117.72;Aguardando Agendamento
28/09/2026;DISTRIBUIDORA MARGARETE;DISTRIBUIDORA MARGARETE;1071165;8000;1;100;80;30/09/2026
28/09/2026;DON SUPERMERCADOS;DON SUPERMERCADOS - 02;1070721;192;1;5;38.4;30/09/2026
28/09/2026;DON SUPERMERCADOS;DON SUPERMERCADOS - 02;1070859;421.2;1;11;38.2909090909;30/09/2026
28/09/2026;DON SUPERMERCADOS;DON SUPERMERCADOS - 02;1070861;1985.16;1;29;68.4537931034;30/09/2026
28/09/2026;ECOLAND;SUPERMERCADO ECOLAND;1071160;673.02;1;10;67.302;30/09/2026
28/09/2026;ECOLAND;SUPERMERCADO ECOLAND;1071224;5295.68;1;67;79.04;01/10/2026
28/09/2026;EMPORIO FRUTI;EMPORIO FRUTI;1070944;235.68;1;2;117.84;01/10/2026
28/09/2026;EMPORIO MEGA 100;EMPORIO MEGA 100;1071086;1000;1;10;100;Aguardando Agendamento
28/09/2026;EMPORIO MEGA 100;EMPORIO MEGA 100;1071087;4800;1;50;96;01/10/2026
28/09/2026;ESTADOS UNIDOS;SUPERMERCADO ESTADOS UNIDOS;1071014;117.72;1;1;117.72;01/10/2026
28/09/2026;ESTADOS UNIDOS;SUPERMERCADO ESTADOS UNIDOS;1071015;1765.8;1;15;117.72;02/10/2026
28/09/2026;FALCON DOCES;FALCON DOCES;1071139;439.2;1;10;43.92;02/10/2026
28/09/2026;FALCON DOCES;FALCON DOCES;1071145;1126.92;1;12;93.91;01/10/2026
28/09/2026;FALCON DOCES;FALCON DOCES;1071153;95.4;1;3;31.8;01/10/2026
28/09/2026;FAST NUTRI;FAST NUTRI - LJ 01;1070925;250.32;1;3;83.44;01/10/2026
28/09/2026;GIRUS;GIRUS MERCANTIL;1071094;33389;1;255;130.937254902;Aguardando Agendamento
28/09/2026;GIRUS;GIRUS MERCANTIL;1071098;3888;1;30;129.6;01/10/2026
28/09/2026;GOOD BOM;GOOD BOM - 14;1071342;4819.2;1;50;96.384;01/10/2026
28/09/2026;GOOD BOM;GOOD BOM - 15;1071341;2553.6;1;26;98.2153846154;01/10/2026
28/09/2026;GPA;PAO DE ACUCAR - SP;1070943;3110.4;1;36;86.4;01/10/2026
28/09/2026;GUALTIERI;GUALTIERI - LOJA 3;1071125;400.2;1;3;133.4;Entrega Direta
28/09/2026;GUERRERO SUPERMERCADO;MARCOS GUERRERO SUPERMERCADO;1071362;2637.86;1;40;65.9465;Entrega Direta
28/09/2026;HORTIFRUTI UNIAO;HORTIFRUTI UNIAO - 02;1071192;117.72;1;1;117.72;Entrega Direta
28/09/2026;HORTIFRUTI UNIAO;HORTIFRUTI UNIAO - 02;1071193;1410;1;12;117.5;01/10/2026
28/09/2026;ICERI & ICERI;ICERI & ICERI;1071201;875;1;13;67.3076923077;01/10/2026
28/09/2026;IRMAOS ANDREAZZA - CD;IRMAOS ANDREAZZA - 39 CD;1071179;32209.32;1;296;108.8152702703;01/10/2026
28/09/2026;IVAN BARBOZA SIQUEIRA;IVAN BARBOZA;1071361;2415.6;1;30;80.52;Aguardando Agendamento
28/09/2026;J D FERNANDES;VILLA BORGHESE - VILA MATIAS;1071088;2772.06;1;30;92.402;Entrega Direta
28/09/2026;J D FERNANDES;VILLA BORGHESE - VILA MATIAS;1071154;98.1;1;1;98.1;Entrega Direta
28/09/2026;KITY;KITY SUPERMERCADO;1071232;630.42;1;9;70.0466666667;Entrega Direta
28/09/2026;KRILL - CD;KRILL - MATRIZ;1071120;22032;1;408;54;30/09/2026
28/09/2026;LAFRESCO;B5 COMERCIO;1071031;235.44;1;2;117.72;05/10/2026
28/09/2026;LAFRESCO;B5 COMERCIO;1071032;2943;1;25;117.72;Entrega Direta
28/09/2026;LEVE MAIS;SUPERMERCADO LEVE+;1071237;7476.24;1;100;74.7624;Entrega Direta
28/09/2026;LOURENCINI;LOURENCINI - LJ 01;1071136;775.2;1;7;110.7428571429;30/09/2026
28/09/2026;LOURENCINI;LOURENCINI - LJ 02;1071135;525.6;1;5;105.12;30/09/2026
28/09/2026;LOURENCINI;LOURENCINI - LJ 03;1071134;217.2;1;2;108.6;30/09/2026
28/09/2026;LOURENCINI;LOURENCINI - LJ 04;1071159;864.5;1;7;123.5;30/09/2026
28/09/2026;LOURENCINI;LOURENCINI - LJ 05;1071158;1988.5;1;16;124.28125;30/09/2026
28/09/2026;LOURENCINI;LOURENCINI - LJ 06;1071155;307.2;1;3;102.4;30/09/2026
28/09/2026;LOURENCINI;LOURENCINI - LJ 07;1071019;1032;1;12;86;30/09/2026
28/09/2026;LOURENCINI;LOURENCINI - LJ 07;1071109;2015.52;1;31;65.0167741935;30/09/2026
28/09/2026;LOURENCINI;LOURENCINI - LJ 07;1071147;839.6;1;7;119.9428571429;30/09/2026
28/09/2026;ME MARKET;ME MARKET;1071012;968.26;1;21;46.1076190476;30/09/2026
28/09/2026;ME MARKET;ME MARKET;1071013;118;1;2;59;Entrega Direta
28/09/2026;MERCADO IRMAOS FERNANDES;MERCADO IRMAOS FERNANDES;1071242;838.12;1;14;59.8657142857;Entrega Direta
28/09/2026;MERCADO IRMAOS FERNANDES;MERCADO IRMAOS FERNANDES;1071244;58.2;1;1;58.2;01/10/2026
28/09/2026;MERCADO MAMAE;MERCADO MAMAE - LJ 01;1071358;9224.78;1;108;85.4146296296;01/10/2026
28/09/2026;MINIMERCADOS LIMA;MINIMERCADOS LIMA;1071231;1393.84;1;23;60.6017391304;30/09/2026
28/09/2026;MOTA;FAMILIA II SUPERMERCADO;1071186;117.72;1;1;117.72;30/09/2026
28/09/2026;MUFFATO - CD;CD MUFFATO - MIRASSOL;1071130;13075.56;1;126;103.7742857143;Entrega Direta
28/09/2026;N.D.M. - DISTRIBUIDORA;N.D.M. - DISTRIBUIDO;1071183;960;1;25;38.4;30/09/2026
28/09/2026;NOSSO LAR;N. S. LAR SUPERMERCADO;1071228;778;1;7;111.1428571429;Entrega Direta
28/09/2026;NOSSO LAR;NOSSO LAR;1071227;2313.64;1;21;110.1733333333;30/09/2026
28/09/2026;ORLANDO MORANDO;SUPERMERCADO BATISTINI;1070869;299.4;1;6;49.9;30/09/2026
28/09/2026;ORLANDO MORANDO;SUPERMERCADO DOS CASA;1070873;449.1;1;9;49.9;30/09/2026
28/09/2026;OSVALDO PERIM;OSVALDO PERIM - CONDURU;1070924;1280.88;1;17;75.3458823529;30/09/2026
28/09/2026;OSVALDO PERIM;OSVALDO PERIM - CONDURU;1070929;235.68;1;2;117.84;Aguardando Agendamento
28/09/2026;OXXO - CD;OXXO - CAJAMAR;1070969;45595.06;1;417;109.3406714628;Aguardando Agendamento
28/09/2026;PATI GI;PATI GI;1070928;807.84;1;9;89.76;Aguardando Agendamento
28/09/2026;PERIM;SUPERMERCADO PERIM;1071190;882;1;15;58.8;Aguardando Agendamento
28/09/2026;PONTO CERTO;PONTO CERTO - VILA ZELINA;1071243;657;1;6;109.5;Aguardando Agendamento
28/09/2026;PP COMERCIO;PP COMERCIO;1070958;222.24;1;4;55.56;01/10/2026
28/09/2026;RAMURTI;M CLOSET COMERCIAL;1070722;46680;1;1945;24;Aguardando Agendamento
28/09/2026;RAMURTI;M CLOSET COMERCIAL;1070723;46680;1;1945;24;02/10/2026
28/09/2026;REDE PARANA - GRU;PARANA SUPERMERCADOS - VILA ROMANOPOLIS;1071355;1287.6;1;19;67.7684210526;02/10/2026
28/09/2026;REDE PARANA - GRU;SUPERMERCADO PARANÁ - JUNDIAPEBA;1071356;960;1;10;96;30/09/2026
28/09/2026;REDE PARANA - GRU;SUPERMERCADOS PARANÁ - ITACOLOMI;1071346;271.2;1;7;38.7428571429;Entrega Direta
28/09/2026;REDE PARANA - GRU;SUPERMERCADOS PARANÁ - ITAPEVI;1071351;3300;1;35;94.2857142857;01/10/2026
28/09/2026;REDE PARANA - GRU;SUPERMERCADOS PARANÁ - MIKAIL;1071344;10805.4;1;120;90.045;01/10/2026
28/09/2026;REDE PARANA - GRU;SUPERMERCADOS PARANÁ - PARQUE PRIMAVERA;1071349;439.2;1;6;73.2;30/09/2026
28/09/2026;REDE PARANA - GRU;SUPERMERCADOS PARANÁ - PIRAJUSSARA;1071353;6873.6;1;72;95.4666666667;Entrega Direta
28/09/2026;REIMBERG COMERCIO;REIMBERG - EMBU GUACU;1071327;700.8;1;10;70.08;Entrega Direta
28/09/2026;RENATO SUPERMERCADO;RENATO SUPERMERCADO;1071360;2273.56;1;28;81.1985714286;Entrega Direta
28/09/2026;REPRESENTANTES DA TERRINHA;ESMAIL ANTONIO;1070689;565.1;1;16;35.31875;Aguardando Agendamento
28/09/2026;REPRESENTANTES DA TERRINHA;RENATO SANTO MICHELMANN;1071090;164.2;1;5;32.84;Entrega Direta
28/09/2026;SANZITO;SANZITO SUPERMERCADO - LOJA 2;1071110;5719.47;1;73;78.3489041096;Entrega Direta
28/09/2026;SANZITO;SANZITO SUPERMERCADO - LOJA 2;1071115;212.4;1;4;53.1;30/09/2026
28/09/2026;SETTA;MRC SETTA;1071209;2332.74;1;30;77.758;30/09/2026
28/09/2026;SETTA;MRC SETTA;1071218;71.04;1;2;35.52;01/10/2026
28/09/2026;SM ROBERTO;SM ROBERTO;1071033;98.1;1;1;98.1;01/10/2026
28/09/2026;SM ROBERTO;SM ROBERTO;1071034;1539.28;1;20;76.964;01/10/2026
28/09/2026;SONDA;SONDA - CD;1070890;41325.12;1;846;48.8476595745;01/10/2026
28/09/2026;STUK;SUPERMERCADO STUK - VILA ALPINA;1071235;3151.44;1;35;90.0411428571;30/09/2026
28/09/2026;STUK;SUPERMERCADO STUK - VILA ALPINA;1071241;226.72;1;2;113.36;01/10/2026
28/09/2026;SUCOS E  CIA FRUTTI TIETE;SUCOS E  CIA FRUTTI TIETE;1070898;706.32;1;6;117.72;01/10/2026
28/09/2026;SUPERMERCADO CHINA;SUPERMERCADO CHINA;1071223;702.76;1;10;70.276;30/09/2026
28/09/2026;TAPUIO ECOLÓGICO;TAPUIO ECOLOGICO MERCADO ORGANICO E NATURAL;1070923;235.56;1;2;117.78;30/09/2026
28/09/2026;TENNESSEE;TENNESSEE - CUBATÃO 02;1071238;1485.36;1;14;106.0971428571;Aguardando Agendamento
28/09/2026;TOCCARE;TOCCARE PIZZAS;1070895;903.6;1;6;150.6;Entrega Direta
28/09/2026;VICALI PARATY;VICALI PARATY - LJ 07;1071359;5302.8;1;45;117.84;30/09/2026
28/09/2026;ZAFFARI;ZAFFARI - RS CD;1071105;36840;1;350;105.2571428571;Aguardando Agendamento
28/09/2026;ZAFFARI;ZAFFARI - RS CD;1071114;5100;1;50;102;Aguardando Agendamento
29/09/2026;A A Z COMERCIO;A A Z COMERCIO;1072062;28168.52;1;667;42.2316641679;Aguardando Agendamento
29/09/2026;A A Z COMERCIO;A A Z COMERCIO;1072074;64008;1;700;91.44;30/09/2026
29/09/2026;A A Z COMERCIO;A A Z COMERCIO;1072077;45720;1;500;91.44;Aguardando Agendamento
29/09/2026;A A Z COMERCIO;A A Z COMERCIO;1072086;64008;1;700;91.44;Aguardando Agendamento
29/09/2026;A A Z COMERCIO;A A Z COMERCIO;1072092;2865.6;1;90;31.84;Aguardando Agendamento
29/09/2026;A A Z COMERCIO;A A Z COMERCIO;1072095;28656;1;900;31.84;Entrega Direta
29/09/2026;AKAI COSMETICOS;AKAI KB MAGAZINE - TREZE DE MAIO;1071847;117.72;1;1;117.72;30/09/2026
29/09/2026;ALVORADA DA NACOES;CENTRAL DE CARNES E HORTIFRUTI ALVORADA DA NACOES;1071590;3346.16;1;50;66.9232;Entrega Direta
29/09/2026;ALVORADA DA NACOES;CENTRAL DE CARNES E HORTIFRUTI ALVORADA DA NACOES;1071591;117.72;1;1;117.72;30/09/2026
29/09/2026;ASSAI - SP LOJAS;ASSAI - 357;1071940;91194.14;1;1014;89.9350493097;30/09/2026
29/09/2026;ATACADAO - MS;ATACADAO MS - COSTA E SILVA;1071998;15474.72;1;203;76.2301477833;Entrega Direta
29/09/2026;ATACADAO - MS;ATACADAO MS - DOURADOS;1071994;13682.88;1;183;74.7698360656;05/10/2026
29/09/2026;ATACADAO - MS;ATACADAO MS - JD CENTENARIO;1072002;7364.4;1;99;74.3878787879;05/10/2026
29/09/2026;ATACADAO - MS;ATACADAO MS - LOJA 02;1071990;9964.8;1;119;83.7378151261;05/10/2026
29/09/2026;ATACADAO - MS;ATACADAO MS - SANTO ANTONIO;1071997;14193.84;1;183;77.5619672131;05/10/2026
29/09/2026;ATACADAO - MS;ATACADAO MS - TRES LAGOS;1071999;14641.44;1;205;71.4216585366;05/10/2026
29/09/2026;BOM LUGAR;BOM LUGAR LJ 45 - ARACOIABA;1071795;2112;1;18;117.3333333333;05/10/2026
29/09/2026;BOM PRECO ILHA BELA;BAEPI BOM PREÇO;1071906;1568.94;1;18;87.1633333333;Entrega Direta
29/09/2026;BOMBONIERE CAMBUCI;BOMBONIERE E MERCADO CAMBUCI;1071881;270.72;1;6;45.12;Entrega Direta
29/09/2026;BOMBONIERE CAMBUCI;BOMBONIERE E MERCADO CAMBUCI;1071883;2383.2;1;17;140.1882352941;30/09/2026
29/09/2026;CARONE/DRIFT;SEMPRE TEM SERRA - JLIMOEIRO;1072011;11784;1;100;117.84;30/09/2026
29/09/2026;CARONE/DRIFT;SEMPRETEM GUARAPARI;1072010;7070.4;1;60;117.84;Aguardando Agendamento
29/09/2026;CASAFRUTI DAS AMERICAS;CASAFRUTI - CD;1071901;13748.4;1;117;117.5076923077;Aguardando Agendamento
29/09/2026;CELEIRO MINIMERCADO;CELEIRO MINIMERCADO;1071746;235.68;1;2;117.84;01/10/2026
29/09/2026;CELEIRO MINIMERCADO;CELEIRO MINIMERCADO;1071750;117.84;1;1;117.84;Aguardando Agendamento
29/09/2026;CHARMOSO;MERCADO CHARMOSO;1071593;636.6;1;8;79.575;Aguardando Agendamento
29/09/2026;COMERCIAL FERNANDES VIEIRA;RASGA PRECO;1071982;1632;1;50;32.64;01/10/2026
29/09/2026;CONFEITARIA MONTE LIBANO;CONFEITARIA MONTE LIBANO - JARDIM DA PENHA;1071478;421.28;1;4;105.32;Entrega Direta
29/09/2026;COVABRA;COVABRA SUPERMERCADO - CD SUMARE;1071744;2898;1;35;82.8;Aguardando Agendamento
29/09/2026;COVABRA;COVABRA SUPERMERCADO - CD SUMARE;1071745;97153.5;1;1063;91.3955785513;08/10/2026
29/09/2026;DAKI - CD;DAKI - CD EMBU DAS ARTES;1071798;13724.4;1;136;100.9147058824;08/10/2026
29/09/2026;DAKI - CD;DAKI - CD MG;1071871;1831.2;1;14;130.8;Entrega Direta
29/09/2026;DAVO - CD;DAVO SUPERMERCADOS - LOJA 05 CD;1071865;2182.28;1;36;60.6188888889;Entrega Direta
29/09/2026;DAVO - LOJAS;DAVO SUPERMERCADOS - LOJA 01;1071861;3043.52;1;38;80.0926315789;Entrega Direta
29/09/2026;DAVO - LOJAS;DAVO SUPERMERCADOS - LOJA 02;1071862;5134.58;1;68;75.5085294118;01/10/2026
29/09/2026;DAVO - LOJAS;DAVO SUPERMERCADOS - LOJA 03;1071863;11746.62;1;149;78.8363758389;30/09/2026
29/09/2026;DAVO - LOJAS;DAVO SUPERMERCADOS - LOJA 04;1071864;2069.26;1;30;68.9753333333;Entrega Direta
29/09/2026;DAVO - LOJAS;DAVO SUPERMERCADOS - LOJA 06;1071866;5398.86;1;73;73.9569863014;Entrega Direta
29/09/2026;DAVO - LOJAS;DAVO SUPERMERCADOS - LOJA 07;1071867;3541.12;1;48;73.7733333333;Entrega Direta
29/09/2026;DAVO - LOJAS;DAVO SUPERMERCADOS - LOJA 12;1071868;5187.88;1;83;62.5045783133;Entrega Direta
29/09/2026;DAVO - LOJAS;DAVO SUPERMERCADOS - LOJA 13;1071853;10864.6;1;130;83.5738461538;30/09/2026
29/09/2026;DAVO - LOJAS;DAVO SUPERMERCADOS - LOJA 21;1071854;3610.86;1;47;76.8268085106;Entrega Direta
29/09/2026;DAVO - LOJAS;DAVO SUPERMERCADOS - LOJA 25;1071855;3978.3;1;56;71.0410714286;30/09/2026
29/09/2026;DAVO - LOJAS;DAVO SUPERMERCADOS - LOJA 28;1071856;3559.44;1;49;72.6416326531;01/10/2026
29/09/2026;DAVO - LOJAS;DAVO SUPERMERCADOS - LOJA 31;1071860;3111.78;1;50;62.2356;Entrega Direta
29/09/2026;DAVO - LOJAS;DAVO SUPERMERCADOS - LOJA 34;1071857;5240.06;1;70;74.858;Entrega Direta
29/09/2026;DISTRIBUIDORA DE ALIMENTOS JAPAO;SUPERMERCADO JAPAO;1071973;387.6;1;4;96.9;30/09/2026
29/09/2026;DIVALDO A ANTONELLI;DIVALDO A ANTONELLI - L2;1071859;697.4;1;15;46.4933333333;Entrega Direta
29/09/2026;DIVALDO A ANTONELLI;DIVALDO A ANTONELLI - L2;1071892;33.72;1;1;33.72;30/09/2026
29/09/2026;DIVALDO A ANTONELLI;DIVALDO A ANTONELLI - L3;1071858;1788.6;1;26;68.7923076923;30/09/2026
29/09/2026;DIVALDO A ANTONELLI;DIVALDO A ANTONELLI - L3;1071893;139.32;1;2;69.66;30/09/2026
29/09/2026;DOMICILI;DOMICILI INDUSTRIA CESTA BASICA E NATAL;1071885;8107.68;1;133;60.96;30/09/2026
29/09/2026;DOMICILI;DOMICILI INDUSTRIA CESTA BASICA E NATAL;1071889;1381.2;1;22;62.7818181818;Entrega Direta
29/09/2026;FORMENTON;ATACADISTA FORMENTON;1071747;1652.4;1;20;82.62;Entrega Direta
29/09/2026;FORMENTON;ATACADISTA FORMENTON;1071748;1351.2;1;33;40.9454545455;30/09/2026
29/09/2026;FORMENTON;ATACADISTA FORMENTON;1071788;433.94;1;9;48.2155555556;30/09/2026
29/09/2026;FORMENTON;ATACADISTA FORMENTON;1071789;330.48;1;3;110.16;30/09/2026
29/09/2026;FORMOSA SUPERMERCADOS;FORMOSA - BELEM;1071799;26523.24;1;398;66.6413065327;30/09/2026
29/09/2026;FORTE ALIANCA;FORTE ALIANCA;1071842;1033.82;1;13;79.5246153846;30/09/2026
29/09/2026;GOOD BOM;GOOD BOM - 15;1071794;141.6;1;2;70.8;30/09/2026
29/09/2026;GUERRERO SUPERMERCADO;MARCOS GUERRERO SUPERMERCADO;1071609;196.2;1;2;98.1;01/10/2026
29/09/2026;HIKATO;SUPERMERCADO HIK;1071841;2557.52;1;39;65.5774358974;Entrega Direta
29/09/2026;HIKATO;SUPERMERCADO HIK;1071851;146.4;1;2;73.2;30/09/2026
29/09/2026;HORTIFRUTI JOSÉ NEVES;HORTI FRUTI JOSE NEVES;1072030;2814.2;1;33;85.2787878788;30/09/2026
29/09/2026;HORTIFRUTI JOSÉ NEVES;HORTI FRUTI JOSE NEVES;1072032;98.1;1;1;98.1;Entrega Direta
29/09/2026;IBICUAN;MERCADO IBICUAN;1071976;235.44;1;2;117.72;Entrega Direta
29/09/2026;IBICUAN;MERCADO IBICUAN;1071977;5600.16;1;63;88.8914285714;30/09/2026
29/09/2026;IVAN BARBOZA SIQUEIRA;IVAN BARBOZA;1071608;276.96;1;4;69.24;30/09/2026
29/09/2026;JOANIN CD;JOANIN  - MATRIZ;1072017;14023;1;142;98.7535211268;Entrega Direta
29/09/2026;JOANIN CD;JOANIN  - MATRIZ;1072043;45014.4;1;1001;44.9694305694;Entrega Direta
29/09/2026;LATICINIOS MARCELO;LATICINIOS MARCELO;1072007;745.44;1;7;106.4914285714;Entrega Direta
29/09/2026;LEVE MAIS;SUPERMERCADO LEVE+;1071622;307.2;1;8;38.4;Entrega Direta
29/09/2026;LOJAO VARGEM GRANDE;LOJAO VARGEM GRANDE;1072000;741.2;1;6;123.5333333333;30/09/2026
29/09/2026;M & S SUPERMERCADO;M & S SUPERMERCADO;1072006;2449.68;1;24;102.07;Entrega Direta
29/09/2026;M & S SUPERMERCADO;M & S SUPERMERCADO;1072012;226.72;1;2;113.36;Entrega Direta
29/09/2026;MACEDO;MACEDO - LOJA 02;1071583;990;1;10;99;Entrega Direta
29/09/2026;MACEDO;MACEDO - LOJA 03;1071543;2059.76;1;26;79.2215384615;01/10/2026
29/09/2026;MANFRIN;DISTRIBUIDORA MANFRIN;1071888;6036;1;62;97.3548387097;01/10/2026
29/09/2026;MANFRIN;DISTRIBUIDORA MANFRIN;1071895;3118.04;1;25;124.7216;Entrega Direta
29/09/2026;MAX VILA;MAX VILA;1071880;807.2;1;10;80.72;Entrega Direta
29/09/2026;MAX VILA;MAX VILA;1071884;130.8;1;1;130.8;30/09/2026
29/09/2026;MERCADINHO BOM PRECO;MERCADINHO BOM PRECO;1072039;1605.62;1;20;80.281;30/09/2026
29/09/2026;MERCADINHO NEVES PAGUE;MERCADINHO NEVES;1072005;1100.14;1;17;64.7141176471;01/10/2026
29/09/2026;MERCADINHO NILZA;MERCADINHO NILZA;1071978;839.28;1;14;59.9485714286;01/10/2026
29/09/2026;MERCADINHO SANTA FÉ;MERCADINHO SANTA FÉ;1071887;749.1;1;10;74.91;01/10/2026
29/09/2026;MERCADO AGUIA;MERCADO AGUIA;1072038;1152.54;1;17;67.7964705882;Entrega Direta
29/09/2026;MERCADO BARBOSA;MERCADO BARBOSA;1071783;210.37;1;2;105.185;01/10/2026
29/09/2026;MERCADO BARBOSA;MERCADO BARBOSA;1071784;2195.46;1;32;68.608125;01/10/2026
29/09/2026;MERCADO CARINHOSO E.B.D.M;MERCADO CARINHOSO E.B.D.M;1071848;41.04;1;1;41.04;01/10/2026
29/09/2026;MERCADO CARINHOSO E.B.D.M;MERCADO CARINHOSO E.B.D.M;1071849;617.5;1;12;51.4583333333;30/09/2026
29/09/2026;MERCADO E PADARIA CRUZ;MERCADO E PADARIA CRUZ;1071843;1631.22;1;19;85.8536842105;30/09/2026
29/09/2026;MERCADO E PADARIA CRUZ;MERCADO E PADARIA CRUZ;1071852;204.4;1;3;68.1333333333;30/09/2026
29/09/2026;MERCADO MAMAE;MERCADO MAMAE - LJ 01;1071612;1150.38;1;11;104.58;30/09/2026
29/09/2026;MERCADO NEVES;MERCADO NEVES;1072003;131.8;1;2;65.9;30/09/2026
29/09/2026;MERCADO NEVES;MERCADO NEVES;1072004;1756.44;1;23;76.3669565217;01/10/2026
29/09/2026;MERCADO PAZ E HARMONIA;MERCADO PAZ E HARMONIA;1071607;1307.08;1;26;50.2723076923;01/10/2026
29/09/2026;MERCADO PAZ E HARMONIA;MERCADO PAZ E HARMONIA;1071613;117.72;1;1;117.72;30/09/2026
29/09/2026;MERCADO QUEIROZ;MERCADO QUEIROZ;1071939;668.5;1;7;95.5;30/09/2026
29/09/2026;MERCEARIA VALVERDE;MERCEARIA VALVER;1071845;117.72;1;1;117.72;Entrega Direta
29/09/2026;MERCEARIA VALVERDE;MERCEARIA VALVER;1071846;1537.2;1;20;76.86;30/09/2026
29/09/2026;MORADA JUNDIAI;MORADA DE JUNDIAI;1071981;493.32;1;6;82.22;30/09/2026
29/09/2026;MORADA JUNDIAI;MORADA DE JUNDIAI;1072009;96.96;1;1;96.96;01/10/2026
29/09/2026;MORELLI;MERCADO MORELLI;1071985;1005.24;1;12;83.77;01/10/2026
29/09/2026;MURAGUCHI;MURAGUCHI & CIA;1071877;117.72;1;1;117.72;30/09/2026
29/09/2026;MURAGUCHI;MURAGUCHI & CIA;1071878;1754.72;1;24;73.1133333333;30/09/2026
29/09/2026;NIWALLIN;NIWALLIN;1071597;1263.04;1;20;63.152;30/09/2026
29/09/2026;NIWALLIN;NIWALLIN;1071598;106.2;1;2;53.1;30/09/2026
29/09/2026;NOVA CENTRAL;NOVA CENTRAL - CD;1071902;48156;1;570;84.4842105263;30/09/2026
29/09/2026;NOVA MIRANDOPOLIS;HORTIFRUTI NOVA MIRANDOPOLIS;1072023;734.2;1;12;61.1833333333;30/09/2026
29/09/2026;NOVO PINHEIRAO;MERCADO PINHEIRO;1071587;1106.24;1;17;65.0729411765;30/09/2026
29/09/2026;OPA;REDE OPA - SUPERMERCADO;1072029;2976.18;1;34;87.5347058824;30/09/2026
29/09/2026;OPA;REDE OPA - SUPERMERCADO;1072037;294.3;1;3;98.1;Entrega Direta
29/09/2026;PADARIA PORTUGAL 2;PADARIA PORTUGAL 2;1071807;300;1;3;100;Entrega Direta
29/09/2026;PEDACINHO DO NORDESTE;BAR PEDACINHO DO NORDESTE;1071991;606;1;5;121.2;30/09/2026
29/09/2026;PERIM;SUPERMERCADO PERIM;1071477;9854.4;1;160;61.59;30/09/2026
29/09/2026;PRATICO SUPERMERCADO;PRATICO SUPERMERCADO - LJ 02;1072021;103.2;1;1;103.2;Aguardando Agendamento
29/09/2026;PRATICO SUPERMERCADO;PRATICO SUPERMERCADO - LJ 02;1072028;1513.42;1;23;65.8008695652;01/10/2026
29/09/2026;PRATICO SUPERMERCADO;PRATICO SUPERMERCADO - LJ 02;1072036;164.4;1;6;27.4;01/10/2026
29/09/2026;PRATICO SUPERMERCADO;PRATICO SUPERMERCADO - LJ 03;1072020;103.2;1;1;103.2;01/10/2026
29/09/2026;PRATICO SUPERMERCADO;PRATICO SUPERMERCADO - LJ 03;1072027;1857.82;1;29;64.0627586207;01/10/2026
29/09/2026;PRATICO SUPERMERCADO;PRATICO SUPERMERCADO - LJ 03;1072035;164.4;1;6;27.4;01/10/2026
29/09/2026;PRATICO SUPERMERCADO;PRATICO SUPERMERCADO - LJ 06;1072025;1919.26;1;29;66.1813793103;01/10/2026
29/09/2026;PRATICO SUPERMERCADO;PRATICO SUPERMERCADO - LJ 06;1072034;187.2;1;7;26.7428571429;01/10/2026
29/09/2026;PRATICO SUPERMERCADO;PRATICO SUPERMERCADO - LJ 10;1072019;309.6;1;3;103.2;01/10/2026
29/09/2026;PRATICO SUPERMERCADO;PRATICO SUPERMERCADO - LJ 10;1072022;1659.92;1;27;61.4785185185;01/10/2026
29/09/2026;PRATICO SUPERMERCADO;PRATICO SUPERMERCADO - LJ 10;1072033;164.4;1;6;27.4;01/10/2026
29/09/2026;QUATRO IRMAOS SOUZA;QUATRO IRMAOS SOUZA;1072016;1017.96;1;9;113.1066666667;01/10/2026
29/09/2026;RDO;REI DAS OFERTAS - VILA DALVA;1071511;11848;1;160;74.05;Entrega Direta
29/09/2026;RDO;REI DAS OFERTAS - VILA DALVA;1071577;492;1;5;98.4;Entrega Direta
29/09/2026;REAL MIX;REAL MIX SUPERMERCADO;1071900;2519.76;1;30;83.992;Entrega Direta
29/09/2026;REAL SANTOS;REAL SANTOS;1072015;588.6;1;5;117.72;Entrega Direta
29/09/2026;REAL SANTOS;REAL SANTOS;1072018;5886;1;50;117.72;Entrega Direta
29/09/2026;REAL SANTOS;REAL SANTOS;1072026;800;1;10;80;Entrega Direta
29/09/2026;REDE X;REDE X - 01;1072041;2102.4;1;21;100.1142857143;Entrega Direta
29/09/2026;REDE X;REDE X - 01;1072047;1920;1;20;96;Entrega Direta
29/09/2026;REDE X;REDE X - 03;1072044;1920;1;20;96;Entrega Direta
29/09/2026;REDE X;REDE X - 03;1072045;1094.4;1;11;99.4909090909;Entrega Direta
29/09/2026;RENATO SUPERMERCADO;RENATO SUPERMERCADO;1071611;106.56;1;3;35.52;Entrega Direta
29/09/2026;SACOLAO DA ECONOMIA;HORTIFRUTI DA ECONOMIA;1071897;3095.24;1;45;68.7831111111;Aguardando Agendamento
29/09/2026;SACOLAO DA ECONOMIA;HORTIFRUTI DA ECONOMIA;1071986;290.8;1;4;72.7;30/09/2026
29/09/2026;SACOLAO DA ECONOMIA;HORTIFRUTI DA ECONOMIA;1071987;724;1;1;724;30/09/2026
29/09/2026;SACOLAO SAO JORGE;SACOLAO S JORGE - OSWALDO CRUZ;1071879;3064.2;1;36;85.1166666667;30/09/2026
29/09/2026;SALINA;SUPERMERCADO SALINA - 01;1071743;3321.6;1;32;103.8;Entrega Direta
29/09/2026;SALINA;SUPERMERCADO SALINA - 01;1071787;301.68;1;3;100.56;30/09/2026
29/09/2026;SALINA;SUPERMERCADO SALINA - 04;1071749;4261.2;1;41;103.9317073171;30/09/2026
29/09/2026;SALINA;SUPERMERCADO SALINA - 04;1071786;502.8;1;5;100.56;30/09/2026
29/09/2026;SHOPPER;SHOPPER - CARANDIRU;1071899;6419;1;66;97.2575757576;30/09/2026
29/09/2026;SHOPPER;SHOPPER COMERCIO ALIMENTICIO - OSASCO;1071809;3680.8;1;36;102.2444444444;30/09/2026
29/09/2026;SHOPPER;SHOPPER COMERCIO ALIMENTICIO - OSASCO;1071894;5633.8;1;62;90.8677419355;30/09/2026
29/09/2026;SHOPPER;SHOPPER COMERCIO ALIMENTICIO - RIBEIRAO PRETO;1071898;1729.2;1;22;78.6;30/09/2026
29/09/2026;SM CENTRAL;SUPERMERCADO CENTRAL;1072024;1797.3;1;17;105.7235294118;Entrega Direta
29/09/2026;SM IDEAL;SM IDEAL;1071791;429.36;1;4;107.34;Entrega Direta
29/09/2026;SM IDEAL;SM IDEAL;1071792;3744.2;1;54;69.337037037;01/10/2026
29/09/2026;SOLANGE OREJANA;SM BIG PAUL;1071785;116.4;1;1;116.4;01/10/2026
29/09/2026;SOLANGE OREJANA;SM BIG PAUL;1071790;1639.82;1;20;81.991;01/10/2026
29/09/2026;SONDA;SONDA - CD;1071623;35963.68;1;350;102.7533714286;01/10/2026
29/09/2026;SONDA;SONDA - CD;1071808;35963.376;1;350;102.7525028571;30/09/2026
29/09/2026;SONGS;MERCADINHO SONGS;1071875;117.72;1;1;117.72;30/09/2026
29/09/2026;SONGS;MERCADINHO SONGS;1071876;4119.5;1;58;71.025862069;30/09/2026
29/09/2026;STUK;SUPERMERCADO STUKT - RIBEIRÃO PIRES;1071600;3886.93;1;53;73.3383018868;30/09/2026
29/09/2026;STUK;SUPERMERCADO STUKT - RIBEIRÃO PIRES;1071741;517.08;1;6;86.18;30/09/2026
29/09/2026;SUPERMERCADO ARCO IRIS;SUPERMERCADO ARCO IRIS;1071983;6909.7;1;99;69.7949494949;30/09/2026
29/09/2026;SUPERMERCADO AVANTE;SUPERMERCADO AVANTE;1071974;426.19;1;4;106.5475;Entrega Direta
29/09/2026;SUPERMERCADO AVANTE;SUPERMERCADO AVANTE;1071975;4359.66;1;49;88.9726530612;Entrega Direta
29/09/2026;SUPERMERCADO FJ LTDA;SUPERMERCADO FJ LTDA;1071890;258.72;1;5;51.744;Entrega Direta
29/09/2026;SUPERMERCADO FJ LTDA;SUPERMERCADO FJ LTDA;1071891;3171.66;1;51;62.1894117647;Entrega Direta
29/09/2026;SUPERMERCADO KIYOMOTO;SUPERMERCADO KIYOMOTO;1071605;1560;1;11;141.8181818182;Entrega Direta
29/09/2026;SUPERMERCADO KIYOMOTO;SUPERMERCADO KIYOMOTO;1071606;117.84;1;1;117.84;30/09/2026
29/09/2026;SUPERMERCADO KOMAPE;SUPERMERCADO KOMAPE;1071594;961.38;1;19;50.5989473684;30/09/2026
29/09/2026;SUPERMERCADO MIAMI;SUPERMERCADO MIAMI;1071992;1809.6;1;17;106.4470588235;30/09/2026
29/09/2026;SUPERMERCADO MIAMI;SUPERMERCADO MIAMI;1071993;1031.8;1;15;68.7866666667;Entrega Direta
29/09/2026;SUPERMERCADO MIAMI;SUPERMERCADO MIAMI;1072008;253.92;1;3;84.64;Entrega Direta
29/09/2026;TELES QUATRO;MERCADO TELES QUATRO;1071584;1037.72;1;16;64.8575;Entrega Direta
29/09/2026;TELES QUATRO;MERCADO TELES QUATRO;1071585;1390.66;1;19;73.1926315789;30/09/2026
29/09/2026;TELES QUATRO;MERCADO TELES QUATRO;1071586;301.36;1;4;75.34;30/09/2026
29/09/2026;VALDOMIRO SILVANES HAHN;VALDOMIRO SILVANES HAHN;1071972;851.32;1;10;85.132;30/09/2026
29/09/2026;VICALI PARATY;VICALI PARATY - LJ 07;1071610;1060.56;1;9;117.84;Entrega Direta
29/09/2026;VIOLETA;VIOLETA - 07;1072048;5509.48;1;71;77.5983098592;Aguardando Agendamento
29/09/2026;VIOLETA;VIOLETA - 08;1072040;3015.84;1;41;73.5570731707;Entrega Direta
29/09/2026;VIOLETA;VIOLETA - 09;1072042;3575.2;1;61;58.6098360656;Entrega Direta
29/09/2026;VIOLETA;VIOLETA - 10;1072031;4500.52;1;65;69.2387692308;Entrega Direta
29/09/2026;WENG MERCADO;WENG MERCADO;1072046;1709.18;1;26;65.7376923077;Entrega Direta